nomor,modul,berkas,describe,nama kasus,status,durasi_ms
1,fsm,tests/fsm.test.ts,FSM transition() > Valid Transitions,"DRAFT + SUBMIT → IN_PPK_VALIDATION, step=1",lulus,2.77
2,fsm,tests/fsm.test.ts,FSM transition() > Valid Transitions,"IN_PPK_VALIDATION + APPROVE → IN_PPSPM_APPROVAL, step=2",lulus,0.58
3,fsm,tests/fsm.test.ts,FSM transition() > Valid Transitions,"IN_PPK_VALIDATION + REJECT → NEED_REVISION, target=USER, step=1",lulus,0.38
4,fsm,tests/fsm.test.ts,FSM transition() > Valid Transitions,"IN_PPSPM_APPROVAL + APPROVE → COMPLETED, step=2",lulus,0.51
5,fsm,tests/fsm.test.ts,FSM transition() > Valid Transitions,"IN_PPSPM_APPROVAL + REJECT → NEED_REVISION, target=PPK, step=1",lulus,0.55
6,fsm,tests/fsm.test.ts,FSM transition() > Valid Transitions,"NEED_REVISION + RESUBMIT → IN_PPK_VALIDATION, step=1",lulus,0.43
7,fsm,tests/fsm.test.ts,FSM transition() > Valid Transitions,"NEED_REVISION + RESUBMIT_PPK → IN_PPSPM_APPROVAL, step=2",lulus,0.24
8,fsm,tests/fsm.test.ts,FSM transition() > Valid Transitions,"NEED_REVISION + KEMBALIKAN → NEED_REVISION, target=USER, step=1",lulus,0.18
9,fsm,tests/fsm.test.ts,FSM transition() > Actor Validation,SUBMIT by PEGAWAI → success,lulus,0.17
10,fsm,tests/fsm.test.ts,FSM transition() > Actor Validation,SUBMIT by PPK → error,lulus,0.25
11,fsm,tests/fsm.test.ts,FSM transition() > Actor Validation,SUBMIT by PPSPM → error,lulus,0.12
12,fsm,tests/fsm.test.ts,FSM transition() > Actor Validation,SUBMIT by KEPALA_SUB_BAGIAN_UMUM → error,lulus,0.13
13,fsm,tests/fsm.test.ts,FSM transition() > Actor Validation,SUBMIT by ADMIN → error,lulus,0.12
14,fsm,tests/fsm.test.ts,FSM transition() > Actor Validation,APPROVE by PPK on IN_PPK_VALIDATION → success,lulus,0.12
15,fsm,tests/fsm.test.ts,FSM transition() > Actor Validation,APPROVE by PPSPM on IN_PPK_VALIDATION → error,lulus,0.11
16,fsm,tests/fsm.test.ts,FSM transition() > Actor Validation,APPROVE by PPK on IN_PPSPM_APPROVAL → error,lulus,0.10
17,fsm,tests/fsm.test.ts,FSM transition() > Actor Validation,APPROVE by PPSPM on IN_PPSPM_APPROVAL → success,lulus,0.09
18,fsm,tests/fsm.test.ts,FSM transition() > Actor Validation,REJECT by PPK on IN_PPK_VALIDATION → success,lulus,0.09
19,fsm,tests/fsm.test.ts,FSM transition() > Actor Validation,REJECT by PPSPM on IN_PPSPM_APPROVAL → success,lulus,0.08
20,fsm,tests/fsm.test.ts,FSM transition() > Actor Validation,REJECT by PPSPM on IN_PPK_VALIDATION → error,lulus,0.10
21,fsm,tests/fsm.test.ts,FSM transition() > Actor Validation,RESUBMIT by PEGAWAI → success,lulus,0.09
22,fsm,tests/fsm.test.ts,FSM transition() > Actor Validation,RESUBMIT by PPK → error,lulus,0.09
23,fsm,tests/fsm.test.ts,FSM transition() > Actor Validation,RESUBMIT_PPK by PPK → success,lulus,0.08
24,fsm,tests/fsm.test.ts,FSM transition() > Actor Validation,RESUBMIT_PPK by PEGAWAI → error,lulus,0.10
25,fsm,tests/fsm.test.ts,FSM transition() > Actor Validation,KEMBALIKAN by PPK → success,lulus,0.08
26,fsm,tests/fsm.test.ts,FSM transition() > Actor Validation,KEMBALIKAN by PEGAWAI → error,lulus,0.12
27,fsm,tests/fsm.test.ts,FSM transition() > Actor Validation,KEMBALIKAN by PPSPM → error,lulus,0.12
28,fsm,tests/fsm.test.ts,FSM transition() > Actor Validation,KEMBALIKAN by KEPALA_SUB_BAGIAN_UMUM → error,lulus,0.09
29,fsm,tests/fsm.test.ts,FSM transition() > Actor Validation,KEMBALIKAN by ADMIN → error,lulus,0.07
30,fsm,tests/fsm.test.ts,FSM transition() > KEMBALIKAN Validation,KEMBALIKAN from IN_PPK_VALIDATION → error,lulus,0.11
31,fsm,tests/fsm.test.ts,FSM transition() > KEMBALIKAN Validation,KEMBALIKAN from IN_PPSPM_APPROVAL → error,lulus,0.09
32,fsm,tests/fsm.test.ts,FSM transition() > KEMBALIKAN Validation,KEMBALIKAN from COMPLETED → error,lulus,0.09
33,fsm,tests/fsm.test.ts,FSM transition() > KEMBALIKAN Validation,KEMBALIKAN result always targets USER,lulus,0.10
34,fsm,tests/fsm.test.ts,FSM transition() > REJECT RevisionTarget Validation,REJECT without revisionTarget → error,lulus,0.10
35,fsm,tests/fsm.test.ts,FSM transition() > REJECT RevisionTarget Validation,REJECT with USER target from PPK step → success,lulus,0.09
36,fsm,tests/fsm.test.ts,FSM transition() > REJECT RevisionTarget Validation,REJECT with PPK target from Ppspm step → success,lulus,0.12
37,fsm,tests/fsm.test.ts,FSM transition() > RESUBMIT Validation,RESUBMIT with USER target → success,lulus,0.11
38,fsm,tests/fsm.test.ts,FSM transition() > RESUBMIT Validation,RESUBMIT with PPK target → error,lulus,0.11
39,fsm,tests/fsm.test.ts,FSM transition() > RESUBMIT Validation,RESUBMIT_PPK with PPK target → success,lulus,0.09
40,fsm,tests/fsm.test.ts,FSM transition() > RESUBMIT Validation,RESUBMIT_PPK with USER target → error,lulus,0.23
41,fsm,tests/fsm.test.ts,FSM transition() > Invalid Status + Action Combinations,DRAFT + APPROVE → error,lulus,0.18
42,fsm,tests/fsm.test.ts,FSM transition() > Invalid Status + Action Combinations,DRAFT + REJECT → error,lulus,0.10
43,fsm,tests/fsm.test.ts,FSM transition() > Invalid Status + Action Combinations,COMPLETED + SUBMIT → error,lulus,0.13
44,fsm,tests/fsm.test.ts,FSM transition() > Invalid Status + Action Combinations,NEED_REVISION + APPROVE → error,lulus,0.09
45,fsm,tests/fsm.test.ts,FSM transition() > Invalid Status + Action Combinations,NEED_REVISION + REJECT → error (use RESUBMIT),lulus,0.09
46,fsm,tests/fsm.test.ts,FSM transition() > Invalid Status + Action Combinations,IN_PPK_VALIDATION + RESUBMIT → error,lulus,0.13
47,fsm,tests/fsm.test.ts,FSM transition() > Invalid Status + Action Combinations,IN_PPSPM_APPROVAL + SUBMIT → error,lulus,0.15
48,fsm,tests/fsm.test.ts,FSM transition() > Error Return Shape,All failures preserve original status,lulus,0.20
49,fsm,tests/fsm.test.ts,FSM transition() > Error Return Shape,Error message is descriptive,lulus,0.21
50,arsiparis,tests/unit/arsiparis/berkas-activity-dev-reset.test.ts,Phase 15 berkas activity dev archive reset helper,dry-runs aggregate archive reset scope without deleting anything,lulus,4.58
51,arsiparis,tests/unit/arsiparis/berkas-activity-dev-reset.test.ts,Phase 15 berkas activity dev archive reset helper,rejects destructive mode without the exact confirmation phrase before repository access,lulus,1.32
52,arsiparis,tests/unit/arsiparis/berkas-activity-dev-reset.test.ts,Phase 15 berkas activity dev archive reset helper,keeps execution DB-only and aggregate-only when exact confirmation is supplied,lulus,0.94
53,arsiparis,tests/unit/arsiparis/berkas-arsip-api.test.ts,berkas arsip API routes,protects POST routes with same-origin before auth or service work,lulus,8.75
54,arsiparis,tests/unit/arsiparis/berkas-arsip-api.test.ts,berkas arsip API routes,returns 401 for unauthenticated open-folder requests,lulus,1.55
55,arsiparis,tests/unit/arsiparis/berkas-arsip-api.test.ts,berkas arsip API routes,returns 403 for wrong-role and ADMIN-only open-folder requests,lulus,1.82
56,arsiparis,tests/unit/arsiparis/berkas-arsip-api.test.ts,berkas arsip API routes,validates open-folder klasifikasi_id before service work,lulus,3.74
57,arsiparis,tests/unit/arsiparis/berkas-arsip-api.test.ts,berkas arsip API routes,opens or returns an OPEN berkas by jenis pembayaran,lulus,4.14
58,arsiparis,tests/unit/arsiparis/berkas-arsip-api.test.ts,berkas arsip API routes,maps closed jenis pembayaran open-folder rejection to 409,lulus,1.67
59,arsiparis,tests/unit/arsiparis/berkas-arsip-api.test.ts,berkas arsip API routes,rejects invalid add-item bodies before service work,lulus,4.73
60,arsiparis,tests/unit/arsiparis/berkas-arsip-api.test.ts,berkas arsip API routes,routes WORKFLOW and MANUAL add-item requests to the matching service helper,lulus,2.93
61,arsiparis,tests/unit/arsiparis/berkas-arsip-api.test.ts,berkas arsip API routes,maps CLOSED berkas add-item rejection to 409,lulus,1.15
62,arsiparis,tests/unit/arsiparis/berkas-arsip-api.test.ts,berkas arsip API routes,maps missing workflow source classification to a safe blocked response,lulus,1.02
63,arsiparis,tests/unit/arsiparis/berkas-arsip-api.test.ts,berkas arsip API routes,validates close metadata before service work,lulus,3.14
64,arsiparis,tests/unit/arsiparis/berkas-arsip-api.test.ts,berkas arsip API routes,maps empty and already-closed close-folder rejections to 409,lulus,2.05
65,arsiparis,tests/unit/arsiparis/berkas-arsip-api.test.ts,berkas arsip API routes,closes a non-empty OPEN berkas with safe DTO response,lulus,1.82
66,arsiparis,tests/unit/arsiparis/berkas-arsip-api.test.ts,berkas arsip API routes,returns 401 for unauthenticated lifecycle requests,lulus,0.97
67,arsiparis,tests/unit/arsiparis/berkas-arsip-api.test.ts,berkas arsip API routes,protects lifecycle POST with same-origin before auth or service work,lulus,0.74
68,arsiparis,tests/unit/arsiparis/berkas-arsip-api.test.ts,berkas arsip API routes,returns 403 for ADMIN-only lifecycle requests,lulus,0.64
69,arsiparis,tests/unit/arsiparis/berkas-arsip-api.test.ts,berkas arsip API routes,validates lifecycle request body before service work,lulus,0.99
70,arsiparis,tests/unit/arsiparis/berkas-arsip-api.test.ts,berkas arsip API routes,requires exact typed confirmation for approve_destruction before service work,lulus,2.38
71,arsiparis,tests/unit/arsiparis/berkas-arsip-api.test.ts,berkas arsip API routes,moves lifecycle through the folder service for assigned KEPALA_SUB_BAGIAN_UMUM,lulus,1.77
72,arsiparis,tests/unit/arsiparis/berkas-arsip-api.test.ts,berkas arsip API routes,moves approve_destruction then invokes physical deletion with the internal phrase,lulus,2.00
73,arsiparis,tests/unit/arsiparis/berkas-arsip-api.test.ts,berkas arsip API routes,returns safe physical deletion partial summaries without leaking paths,lulus,2.51
74,arsiparis,tests/unit/arsiparis/berkas-arsip-api.test.ts,berkas arsip API routes,keeps lifecycle success and returns a safe failed physical deletion summary on helper exceptions,lulus,1.98
75,arsiparis,tests/unit/arsiparis/berkas-arsip-api.test.ts,berkas arsip API routes,maps invalid lifecycle transitions to a safe 409 response,lulus,1.21
76,arsiparis,tests/unit/arsiparis/berkas-arsip-attachment-names.test.ts,berkas attachment name resolver,uses source-style workflow filenames when safe metadata is complete,lulus,3.21
77,arsiparis,tests/unit/arsiparis/berkas-arsip-attachment-names.test.ts,berkas attachment name resolver,falls back to safe workflow source labels and extensions when document metadata is incomplete,lulus,1.13
78,arsiparis,tests/unit/arsiparis/berkas-arsip-attachment-names.test.ts,berkas attachment name resolver,falls back when source-style workflow filename building throws,lulus,50.32
79,arsiparis,tests/unit/arsiparis/berkas-arsip-attachment-names.test.ts,berkas attachment name resolver,uses generic workflow fallback only when metadata is unsafe,lulus,0.75
80,arsiparis,tests/unit/arsiparis/berkas-arsip-attachment-names.test.ts,berkas attachment name resolver,builds the same formal filename for manual attachments as the download endpoint (RP-06),lulus,0.76
81,arsiparis,tests/unit/arsiparis/berkas-arsip-attachment-names.test.ts,berkas attachment name resolver,falls back to generic segments when manual document metadata is missing,lulus,0.38
82,arsiparis,tests/unit/arsiparis/berkas-arsip-attachment-names.test.ts,berkas attachment name resolver,omits the extension rather than guessing when content type and filename are both unknown,lulus,0.31
83,arsiparis,tests/unit/arsiparis/berkas-arsip-csv.test.ts,folder-first berkas CSV helper,"escapes comma, quote, newline, and carriage-return cells",lulus,1.71
84,arsiparis,tests/unit/arsiparis/berkas-arsip-csv.test.ts,folder-first berkas CSV helper,neutralizes spreadsheet formula injection prefixes,lulus,0.49
85,arsiparis,tests/unit/arsiparis/berkas-arsip-csv.test.ts,folder-first berkas CSV helper,"exports folder list rows without raw ids, paths, tokens, or file content",lulus,39.71
86,arsiparis,tests/unit/arsiparis/berkas-arsip-csv.test.ts,folder-first berkas CSV helper,provides clear lifecycle list CSV filenames (RP-01 de-arsip),lulus,1.07
87,arsiparis,tests/unit/arsiparis/berkas-arsip-csv.test.ts,folder-first berkas CSV helper,exports workflow and manual detail item rows with user-friendly provenance only,lulus,1.70
88,arsiparis,tests/unit/arsiparis/berkas-arsip-file-access-export.test.ts,resolveBerkasArsipItemAttachments (non-HTTP resolver for RP-02 ZIP export),"returns all 3 attachments for a WORKFLOW item, namaAman matching the existing download filename",lulus,6.52
89,arsiparis,tests/unit/arsiparis/berkas-arsip-file-access-export.test.ts,resolveBerkasArsipItemAttachments (non-HTTP resolver for RP-02 ZIP export),"returns all attachments for a MANUAL item, namaAman matching the existing download filename (RP-06 follow-up)",lulus,1.78
90,arsiparis,tests/unit/arsiparis/berkas-arsip-file-access-export.test.ts,resolveBerkasArsipItemAttachments (non-HTTP resolver for RP-02 ZIP export),returns an empty array (not an error) for a WORKFLOW item with no lampiran_urls,lulus,0.70
91,arsiparis,tests/unit/arsiparis/berkas-arsip-file-access-export.test.ts,resolveBerkasArsipItemAttachments (non-HTTP resolver for RP-02 ZIP export),returns an empty array (not an error) for a MANUAL item with 0 attachment rows,lulus,0.58
92,arsiparis,tests/unit/arsiparis/berkas-arsip-file-access-export.test.ts,resolveBerkasArsipItemAttachments (non-HTTP resolver for RP-02 ZIP export),rejects the whole item (not partial) when the folder is DIMUSNAHKAN,lulus,0.55
93,arsiparis,tests/unit/arsiparis/berkas-arsip-file-access-export.test.ts,resolveBerkasArsipItemAttachments (non-HTTP resolver for RP-02 ZIP export),returns a controlled 404 without throwing when the item does not belong to the berkas,lulus,0.66
94,arsiparis,tests/unit/arsiparis/berkas-arsip-file-access-export.test.ts,resolveBerkasArsipItemAttachments (non-HTTP resolver for RP-02 ZIP export),returns a controlled 404 without crashing for an unrecognized source_type,lulus,0.50
95,arsiparis,tests/unit/arsiparis/berkas-arsip-file-access-route.test.ts,berkas item file access API routes,requires local dms_session before preview/download file work,lulus,14.10
96,arsiparis,tests/unit/arsiparis/berkas-arsip-file-access-route.test.ts,berkas item file access API routes,rejects ADMIN-only preview/download before DB or file work,lulus,2.17
97,arsiparis,tests/unit/arsiparis/berkas-arsip-file-access-route.test.ts,berkas item file access API routes,rejects malformed params without delegating,lulus,7.81
98,arsiparis,tests/unit/arsiparis/berkas-arsip-file-access-route.test.ts,berkas item file access API routes,delegates valid preview and download requests to the helper,lulus,2.14
99,arsiparis,tests/unit/arsiparis/berkas-arsip-file-access-route.test.ts,berkas item file access API routes,propagates the safe DIMUSNAHKAN response from the helper,lulus,1.57
100,arsiparis,tests/unit/arsiparis/berkas-arsip-file-access.test.ts,berkas arsip item file access helper,streams a WORKFLOW item attachment for non-DIMUSNAHKAN folders,lulus,22.92
101,arsiparis,tests/unit/arsiparis/berkas-arsip-file-access.test.ts,berkas arsip item file access helper,uses the existing dokumen persetujuan filename format for WORKFLOW downloads,lulus,11.24
102,arsiparis,tests/unit/arsiparis/berkas-arsip-file-access.test.ts,berkas arsip item file access helper,falls back safely when WORKFLOW filename metadata is unsafe or incomplete,lulus,49.75
103,arsiparis,tests/unit/arsiparis/berkas-arsip-file-access.test.ts,berkas arsip item file access helper,uses generic WORKFLOW fallback names only when source metadata has no safe usable name,lulus,24.76
104,arsiparis,tests/unit/arsiparis/berkas-arsip-file-access.test.ts,berkas arsip item file access helper,serves WORKFLOW files with label fallback when master metadata and content type are incomplete,lulus,11.32
105,arsiparis,tests/unit/arsiparis/berkas-arsip-file-access.test.ts,berkas arsip item file access helper,delegates a MANUAL item attachment by folder item and lampiran index,lulus,4.58
106,arsiparis,tests/unit/arsiparis/berkas-arsip-file-access.test.ts,berkas arsip item file access helper,blocks stale WORKFLOW item links when the current folder is DIMUSNAHKAN,lulus,2.99
107,arsiparis,tests/unit/arsiparis/berkas-arsip-file-access.test.ts,berkas arsip item file access helper,blocks stale MANUAL item links when the current folder is DIMUSNAHKAN,lulus,1.74
108,arsiparis,tests/unit/arsiparis/berkas-arsip-file-access.test.ts,berkas arsip item file access helper,revalidates folder lifecycle on each request and blocks after status changes,lulus,11.57
109,arsiparis,tests/unit/arsiparis/berkas-arsip-file-access.test.ts,berkas arsip item file access helper,rejects item references that do not belong to the folder,lulus,2.21
110,arsiparis,tests/unit/arsiparis/berkas-arsip-file-access.test.ts,berkas arsip item file access helper,rejects missing source rows cleanly,lulus,2.28
111,arsiparis,tests/unit/arsiparis/berkas-arsip-file-access.test.ts,berkas arsip item file access helper,rejects invalid lampiran indexes cleanly,lulus,2.09
112,arsiparis,tests/unit/arsiparis/berkas-arsip-file-access.test.ts,berkas arsip item file access helper,"does not expose paths, storage roots, tokens, raw SQL, or raw rows in error DTOs",lulus,2.16
113,arsiparis,tests/unit/arsiparis/berkas-arsip-folder-pages.test.ts,folder-first berkas archive read API routes,requires local dms_session and assigned KEPALA_SUB_BAGIAN_UMUM for list reads,lulus,12.02
114,arsiparis,tests/unit/arsiparis/berkas-arsip-folder-pages.test.ts,folder-first berkas archive read API routes,passes validated active-folder filters to the Phase 13N read model,lulus,8.77
115,arsiparis,tests/unit/arsiparis/berkas-arsip-folder-pages.test.ts,folder-first berkas archive read API routes,passes OPEN berkas filters with null archive status to the Phase 13N read model,lulus,2.07
116,arsiparis,tests/unit/arsiparis/berkas-arsip-folder-pages.test.ts,folder-first berkas archive read API routes,passes CLOSED INAKTIF filters for folder-first visibility,lulus,2.09
117,arsiparis,tests/unit/arsiparis/berkas-arsip-folder-pages.test.ts,folder-first berkas archive read API routes,passes CLOSED USUL_MUSNAH filters for folder-first visibility,lulus,1.59
118,arsiparis,tests/unit/arsiparis/berkas-arsip-folder-pages.test.ts,folder-first berkas archive read API routes,passes CLOSED DIMUSNAHKAN filters for folder-first visibility,lulus,1.52
119,arsiparis,tests/unit/arsiparis/berkas-arsip-folder-pages.test.ts,folder-first berkas archive read API routes,returns OPEN folder detail DTOs without requiring final metadata,lulus,1.86
120,arsiparis,tests/unit/arsiparis/berkas-arsip-folder-pages.test.ts,folder-first berkas archive read API routes,rejects invalid list filters before read model work,lulus,2.34
121,arsiparis,tests/unit/arsiparis/berkas-arsip-folder-pages.test.ts,folder-first berkas archive read API routes,returns safe detail DTOs from getBerkasArsipDetail with internal file keys but no bridge ids,lulus,2.75
122,arsiparis,tests/unit/arsiparis/berkas-arsip-folder-pages.test.ts,folder-first berkas archive read API routes,updates active archive metadata through existing detail API PATCH guard,lulus,5.11
123,arsiparis,tests/unit/arsiparis/berkas-arsip-folder-pages.test.ts,folder-first berkas archive read API routes,returns 404 for missing folder detail,lulus,0.77
124,arsiparis,tests/unit/arsiparis/berkas-arsip-folder-pages.test.ts,folder-first berkas archive page formatting,uses friendly labels for folder and item display states,lulus,0.83
125,arsiparis,tests/unit/arsiparis/berkas-arsip-folder-pages.test.ts,folder-first berkas archive page formatting,resolves lifecycle buttons only for valid CLOSED folder statuses (RP-01 2-stage),lulus,0.54
126,arsiparis,tests/unit/arsiparis/berkas-arsip-folder-pages.test.ts,folder-first berkas archive page formatting,"resolves the secondary ""Batalkan Usulan"" action only for USUL_MUSNAH (RP-01)",lulus,0.27
127,arsiparis,tests/unit/arsiparis/berkas-arsip-folder-pages.test.ts,folder-first berkas archive page formatting,shows close berkas form controls only for OPEN folder details,lulus,0.23
128,arsiparis,tests/unit/arsiparis/berkas-arsip-folder-pages.test.ts,folder-first berkas archive page formatting,shows edit metadata only for CLOSED AKTIF folder details,lulus,0.19
129,arsiparis,tests/unit/arsiparis/berkas-arsip-folder-pages.test.ts,folder-first berkas archive page formatting,blocks close submission for empty OPEN berkas details,lulus,0.16
130,arsiparis,tests/unit/arsiparis/berkas-arsip-folder-pages.test.ts,folder-first berkas archive page formatting,builds close request bodies with the single RP-01 retention field,lulus,0.21
131,arsiparis,tests/unit/arsiparis/berkas-arsip-folder-pages.test.ts,folder-first berkas archive page formatting,builds folder-first activity history from supported berkas timestamps,lulus,29.16
132,arsiparis,tests/unit/arsiparis/berkas-arsip-folder-pages.test.ts,folder-first berkas archive page formatting,prefers authoritative berkas activity events when present,lulus,2.67
133,arsiparis,tests/unit/arsiparis/berkas-arsip-folder-pages.test.ts,folder-first berkas archive page formatting,does not display activity after authoritative BERKAS_DIMUSNAHKAN,lulus,0.90
134,arsiparis,tests/unit/arsiparis/berkas-arsip-folder-pages.test.ts,folder-first berkas archive page formatting,sorts berkas opened before manual insertion before close when close is date-only,lulus,1.19
135,arsiparis,tests/unit/arsiparis/berkas-arsip-folder-pages.test.ts,folder-first berkas archive page formatting,sorts classified Persetujuan documents after berkas opened and before close,lulus,1.27
136,arsiparis,tests/unit/arsiparis/berkas-arsip-folder-pages.test.ts,folder-first berkas archive page formatting,keeps destroyed berkas terminal even when current-status timestamp is earlier than item timestamps,lulus,1.33
137,arsiparis,tests/unit/arsiparis/berkas-arsip-folder-pages.test.ts,folder-first berkas archive page formatting,keeps exact destroyed-file and destruction-confirmation phrases in folder detail surfaces,lulus,0.89
138,arsiparis,tests/unit/arsiparis/berkas-arsip-folder-pages.test.ts,folder-first berkas archive page formatting,keeps the active folder page constrained to open and active sections,dilewati,
139,arsiparis,tests/unit/arsiparis/berkas-arsip-folder-pages.test.ts,folder-first berkas archive page formatting,builds folder item file-action URLs without raw logical paths,lulus,0.29
140,arsiparis,tests/unit/arsiparis/berkas-arsip-folder-pages.test.ts,folder-first berkas archive page formatting,renders folder item file actions only from safe attachment DTOs,lulus,0.57
141,arsiparis,tests/unit/arsiparis/berkas-arsip-folder-pages.test.ts,folder-first berkas archive page formatting,keeps archive classification inbox aligned to the compact workflow table columns,lulus,1.96
142,arsiparis,tests/unit/arsiparis/berkas-arsip-physical-destruction.test.ts,folder-first berkas physical file destruction helper,rejects missing berkas safely,lulus,7.12
143,arsiparis,tests/unit/arsiparis/berkas-arsip-physical-destruction.test.ts,folder-first berkas physical file destruction helper,rejects OPEN/null without candidate collection,lulus,33.27
144,arsiparis,tests/unit/arsiparis/berkas-arsip-physical-destruction.test.ts,folder-first berkas physical file destruction helper,rejects CLOSED/null without candidate collection,lulus,3.80
145,arsiparis,tests/unit/arsiparis/berkas-arsip-physical-destruction.test.ts,folder-first berkas physical file destruction helper,rejects CLOSED/AKTIF without candidate collection,lulus,2.39
146,arsiparis,tests/unit/arsiparis/berkas-arsip-physical-destruction.test.ts,folder-first berkas physical file destruction helper,rejects CLOSED/INAKTIF without candidate collection,lulus,12.81
147,arsiparis,tests/unit/arsiparis/berkas-arsip-physical-destruction.test.ts,folder-first berkas physical file destruction helper,rejects CLOSED/USUL_MUSNAH without candidate collection,lulus,1.62
148,arsiparis,tests/unit/arsiparis/berkas-arsip-physical-destruction.test.ts,folder-first berkas physical file destruction helper,dry-runs CLOSED/DIMUSNAHKAN candidates and deletes nothing,lulus,21.52
149,arsiparis,tests/unit/arsiparis/berkas-arsip-physical-destruction.test.ts,folder-first berkas physical file destruction helper,rejects execution without exact confirmation and deletes nothing,lulus,11.04
150,arsiparis,tests/unit/arsiparis/berkas-arsip-physical-destruction.test.ts,folder-first berkas physical file destruction helper,executes deletion only for safe workflow and manual folder-member files,lulus,16.47
151,arsiparis,tests/unit/arsiparis/berkas-arsip-physical-destruction.test.ts,folder-first berkas physical file destruction helper,deduplicates duplicate file candidates before deletion,lulus,8.94
152,arsiparis,tests/unit/arsiparis/berkas-arsip-physical-destruction.test.ts,folder-first berkas physical file destruction helper,counts missing files as already missing without failing the operation,lulus,3.25
153,arsiparis,tests/unit/arsiparis/berkas-arsip-physical-destruction.test.ts,folder-first berkas physical file destruction helper,skips unsafe logical paths without exposing them,lulus,2.93
154,arsiparis,tests/unit/arsiparis/berkas-arsip-physical-destruction.test.ts,folder-first berkas physical file destruction helper,skips directories and symlink-like non-regular candidates safely,lulus,12.48
155,arsiparis,tests/unit/arsiparis/berkas-arsip-physical-destruction.test.ts,folder-first berkas physical file destruction helper,returns safe partial failure categories when storage deletion fails,lulus,3.05
156,arsiparis,tests/unit/arsiparis/berkas-arsip-physical-destruction.test.ts,folder-first berkas physical file destruction helper,is idempotent when executed a second time,lulus,15.02
157,arsiparis,tests/unit/arsiparis/berkas-arsip-physical-destruction.test.ts,"folder-first berkas physical file destruction helper > lampiran-cleaned bookkeeping (badge/audit side effect, never affects the report)",calls the optional repository hook with the berkas's workflow document ids after a completed destruction,lulus,13.99
158,arsiparis,tests/unit/arsiparis/berkas-arsip-physical-destruction.test.ts,"folder-first berkas physical file destruction helper > lampiran-cleaned bookkeeping (badge/audit side effect, never affects the report)",does not call the hook without an actorUserId,lulus,12.42
159,arsiparis,tests/unit/arsiparis/berkas-arsip-physical-destruction.test.ts,"folder-first berkas physical file destruction helper > lampiran-cleaned bookkeeping (badge/audit side effect, never affects the report)",does not call the hook for a dry-run analysis,lulus,13.65
160,arsiparis,tests/unit/arsiparis/berkas-arsip-physical-destruction.test.ts,"folder-first berkas physical file destruction helper > lampiran-cleaned bookkeeping (badge/audit side effect, never affects the report)",never lets a failing bookkeeping hook change the returned report,lulus,24.33
161,arsiparis,tests/unit/arsiparis/berkas-arsip-physical-destruction.test.ts,"folder-first berkas physical file destruction helper > lampiran-cleaned bookkeeping (badge/audit side effect, never affects the report)",skips silently when the repository does not implement the optional hook,lulus,11.94
162,arsiparis,tests/unit/arsiparis/berkas-arsip-read-model.test.ts,berkas arsip read model,lists folder-first DTO rows rather than individual archive rows,lulus,7.45
163,arsiparis,tests/unit/arsiparis/berkas-arsip-read-model.test.ts,berkas arsip read model,handles OPEN folders with null status_arsip as transitional folder state,lulus,0.80
164,arsiparis,tests/unit/arsiparis/berkas-arsip-read-model.test.ts,berkas arsip read model,handles CLOSED AKTIF folders with final metadata,lulus,0.52
165,arsiparis,tests/unit/arsiparis/berkas-arsip-read-model.test.ts,berkas arsip read model,combines WORKFLOW and MANUAL source items in folder detail,lulus,3.85
166,arsiparis,tests/unit/arsiparis/berkas-arsip-read-model.test.ts,berkas arsip read model,includes authoritative berkas activity events ordered oldest to newest,lulus,2.53
167,arsiparis,tests/unit/arsiparis/berkas-arsip-read-model.test.ts,berkas arsip read model,"does not expose paths, tokens, raw SQL, raw rows, or bridge ids in detail DTOs",lulus,0.95
168,arsiparis,tests/unit/arsiparis/berkas-arsip-read-model.test.ts,berkas arsip read model,falls back to generic attachment names for unsafe workflow metadata without leaking paths or tokens,lulus,1.09
169,arsiparis,tests/unit/arsiparis/berkas-arsip-read-model.test.ts,berkas arsip read model,does not throw and falls back to source labels when workflow master metadata is missing,lulus,1.61
170,arsiparis,tests/unit/arsiparis/berkas-arsip-read-model.test.ts,berkas arsip read model,handles a missing source safely with a placeholder and warning,lulus,0.96
171,arsiparis,tests/unit/arsiparis/berkas-arsip-read-model.test.ts,berkas arsip read model,keeps total counts correct when sources are mixed and one source is missing,lulus,0.91
172,arsiparis,tests/unit/arsiparis/berkas-arsip-schema.test.ts,berkas arsip schema foundation,keeps folder status constants minimal,lulus,5.07
173,arsiparis,tests/unit/arsiparis/berkas-arsip-schema.test.ts,berkas arsip schema foundation,reuses archive lifecycle values for nullable folder lifecycle foundation,lulus,1.61
174,arsiparis,tests/unit/arsiparis/berkas-arsip-schema.test.ts,berkas arsip schema foundation,models folder archive lifecycle as nullable on berkas_arsip,lulus,0.49
175,arsiparis,tests/unit/arsiparis/berkas-arsip-schema.test.ts,berkas arsip schema foundation,models append-only berkas activity events separately from document workflow logs,lulus,2.24
176,arsiparis,tests/unit/arsiparis/berkas-arsip-schema.test.ts,berkas arsip schema foundation,does not export legacy canonical archive schema objects,lulus,1.56
177,arsiparis,tests/unit/arsiparis/berkas-arsip-schema.test.ts,berkas arsip schema foundation,allows only current source types for folder items,lulus,0.46
178,arsiparis,tests/unit/arsiparis/berkas-arsip-schema.test.ts,berkas arsip schema foundation,validates close-folder metadata with a single Masa Simpan Minimal field (RP-01),lulus,2.32
179,arsiparis,tests/unit/arsiparis/berkas-arsip-schema.test.ts,berkas arsip schema foundation,rejects a payload that still sends retensi_inaktif (RP-01 .strict()),lulus,0.38
180,arsiparis,tests/unit/arsiparis/berkas-arsip-schema.test.ts,berkas arsip schema foundation,rejects incomplete close-folder metadata,lulus,0.64
181,arsiparis,tests/unit/arsiparis/berkas-arsip-schema.test.ts,berkas arsip schema foundation,validates open-folder request by classification id and tahun anggaran,lulus,2.07
182,arsiparis,tests/unit/arsiparis/berkas-arsip-schema.test.ts,berkas arsip schema foundation,validates source-specific add-item bodies strictly,lulus,1.56
183,arsiparis,tests/unit/arsiparis/berkas-arsip-service.test.ts,berkas arsip service foundation,creates an OPEN berkas from active master classification snapshots,lulus,4.87
184,arsiparis,tests/unit/arsiparis/berkas-arsip-service.test.ts,berkas arsip service foundation,reuses an existing OPEN berkas for the selected jenis pembayaran,lulus,0.91
185,arsiparis,tests/unit/arsiparis/berkas-arsip-service.test.ts,berkas arsip service foundation,rejects an existing OPEN berkas when its classification is no longer an operational leaf,lulus,1.94
186,arsiparis,tests/unit/arsiparis/berkas-arsip-service.test.ts,berkas arsip service foundation,rejects opening a second berkas when the jenis pembayaran already has a CLOSED berkas,lulus,0.69
187,arsiparis,tests/unit/arsiparis/berkas-arsip-service.test.ts,berkas arsip service foundation,allows opening a berkas for a klasifikasi whose only existing berkas is CLOSED in a different tahun anggaran,lulus,0.48
188,arsiparis,tests/unit/arsiparis/berkas-arsip-service.test.ts,berkas arsip service foundation,rejects anomalous multiple OPEN berkas rows for one jenis pembayaran,lulus,0.90
189,arsiparis,tests/unit/arsiparis/berkas-arsip-service.test.ts,berkas arsip service foundation,recovers get-or-create when a concurrent creator wins the ON CONFLICT DO NOTHING insert,lulus,2.27
190,arsiparis,tests/unit/arsiparis/berkas-arsip-service.test.ts,berkas arsip service foundation,reports CONFLICT when the insert loses the race but no berkas can be read back,lulus,0.63
191,arsiparis,tests/unit/arsiparis/berkas-arsip-service.test.ts,berkas arsip service foundation,rejects when the race winner already CLOSED the berkas for the same pair,lulus,0.52
192,arsiparis,tests/unit/arsiparis/berkas-arsip-service.test.ts,berkas arsip service foundation,rejects adding a workflow document to a CLOSED berkas,lulus,1.25
193,arsiparis,tests/unit/arsiparis/berkas-arsip-service.test.ts,berkas arsip service foundation,adds a manual document only to an OPEN matching berkas when no canonical bridge exists,lulus,1.17
194,arsiparis,tests/unit/arsiparis/berkas-arsip-service.test.ts,berkas arsip service foundation,appends a Persetujuan classification event after workflow document insertion,lulus,0.46
195,arsiparis,tests/unit/arsiparis/berkas-arsip-service.test.ts,berkas arsip service foundation,rejects source items whose selected jenis pembayaran does not match the target berkas,lulus,0.49
196,arsiparis,tests/unit/arsiparis/berkas-arsip-service.test.ts,berkas arsip service foundation,rejects workflow sources without an authoritative jenis pembayaran,lulus,0.47
197,arsiparis,tests/unit/arsiparis/berkas-arsip-service.test.ts,berkas arsip service foundation,maps duplicate source assignment to a safe conflict error,lulus,0.50
198,arsiparis,tests/unit/arsiparis/berkas-arsip-service.test.ts,berkas arsip service foundation,does not hide non-unique add-item failures,lulus,0.46
199,arsiparis,tests/unit/arsiparis/berkas-arsip-service.test.ts,berkas arsip service foundation,rejects closing an empty berkas,lulus,0.56
200,arsiparis,tests/unit/arsiparis/berkas-arsip-service.test.ts,berkas arsip service foundation,rejects closing an already CLOSED berkas,lulus,0.24
201,arsiparis,tests/unit/arsiparis/berkas-arsip-service.test.ts,berkas arsip service foundation,computes a single berkas due date from closed_at + masa simpan (RP-01),lulus,4.25
202,arsiparis,tests/unit/arsiparis/berkas-arsip-service.test.ts,berkas arsip service foundation,treats transformed null close dates as omitted close metadata,lulus,0.52
203,arsiparis,tests/unit/arsiparis/berkas-arsip-service.test.ts,berkas arsip service foundation,"maps ""Permanen"" masa simpan to the sentinel due date",lulus,0.21
204,arsiparis,tests/unit/arsiparis/berkas-arsip-service.test.ts,berkas arsip service foundation,runs the CLOSED update and the BERKAS_DITUTUP activity inside one repository transaction,lulus,0.77
205,arsiparis,tests/unit/arsiparis/berkas-arsip-service.test.ts,berkas arsip service foundation,rolls the close back when the BERKAS_DITUTUP activity insert fails,lulus,2.69
206,arsiparis,tests/unit/arsiparis/berkas-arsip-service.test.ts,berkas arsip service foundation,closes a non-empty OPEN berkas without source item or canonical archive mutation,lulus,0.89
207,arsiparis,tests/unit/arsiparis/berkas-arsip-service.test.ts,berkas arsip service foundation,updates metadata only for CLOSED AKTIF berkas,lulus,0.85
208,arsiparis,tests/unit/arsiparis/berkas-arsip-service.test.ts,berkas arsip service foundation,rejects active metadata edits for OPEN berkas,lulus,0.45
209,arsiparis,tests/unit/arsiparis/berkas-arsip-service.test.ts,berkas arsip service foundation,rejects active metadata edits after berkas status becomes INAKTIF,lulus,0.49
210,arsiparis,tests/unit/arsiparis/berkas-arsip-service.test.ts,berkas arsip service foundation,rejects active metadata edits after berkas status becomes USUL_MUSNAH,lulus,0.22
211,arsiparis,tests/unit/arsiparis/berkas-arsip-service.test.ts,berkas arsip service foundation,rejects active metadata edits after berkas status becomes DIMUSNAHKAN,lulus,0.16
212,arsiparis,tests/unit/arsiparis/berkas-arsip-service.test.ts,berkas arsip service foundation,rejects invalid close-folder metadata,lulus,0.81
213,arsiparis,tests/unit/arsiparis/berkas-arsip-service.test.ts,berkas arsip service foundation,moves CLOSED AKTIF berkas straight to USUL_MUSNAH via propose_destruction (RP-01),lulus,0.89
214,arsiparis,tests/unit/arsiparis/berkas-arsip-service.test.ts,berkas arsip service foundation,"moves CLOSED USUL_MUSNAH berkas back to AKTIF via cancel_proposal, logging an existing event (RP-01)",lulus,0.35
215,arsiparis,tests/unit/arsiparis/berkas-arsip-service.test.ts,berkas arsip service foundation,moves CLOSED USUL_MUSNAH berkas to DIMUSNAHKAN as status-only,lulus,0.42
216,arsiparis,tests/unit/arsiparis/berkas-arsip-service.test.ts,berkas arsip service foundation,rejects OPEN/null lifecycle transitions,lulus,0.37
217,arsiparis,tests/unit/arsiparis/berkas-arsip-service.test.ts,berkas arsip service foundation,rejects CLOSED/null transitional lifecycle rows,lulus,0.61
218,arsiparis,tests/unit/arsiparis/berkas-arsip-service.test.ts,berkas arsip service foundation,"rejects invalid lifecycle jumps (cancel_proposal from AKTIF, approve from AKTIF)",lulus,0.43
219,arsiparis,tests/unit/arsiparis/berkas-arsip-service.test.ts,berkas arsip service foundation,rejects propose_destruction when already USUL_MUSNAH,lulus,0.21
220,arsiparis,tests/unit/arsiparis/berkas-arsip-service.test.ts,berkas arsip service foundation,rejects terminal DIMUSNAHKAN lifecycle transitions,lulus,0.29
221,arsiparis,tests/unit/arsiparis/berkas-default-repository-transaction.test.ts,default berkas repository — close transaction,writes status CLOSED and BERKAS_DITUTUP through the same db.transaction,lulus,16.64
222,arsiparis,tests/unit/arsiparis/berkas-default-repository-transaction.test.ts,default berkas repository — close transaction,propagates an activity insert failure so the transaction rolls the CLOSED update back,lulus,3.26
223,arsiparis,tests/unit/arsiparis/berkas-default-repository-transaction.test.ts,default berkas repository — get-or-create race,"inserts with ON CONFLICT (klasifikasi_id, tahun_anggaran) DO NOTHING and reads back the race winner",lulus,4.17
224,arsiparis,tests/unit/arsiparis/berkas-export-zip.test.ts,GET /api/kasubag/berkas/$id/export-zip,"returns a ZIP Response for a CLOSED non-DIMUSNAHKAN berkas, folder structure ""<nomor spm> - <klasifikasi>/<folder dokumen>/<file>""",lulus,13.00
225,arsiparis,tests/unit/arsiparis/berkas-export-zip.test.ts,GET /api/kasubag/berkas/$id/export-zip,"falls back to ""[Tanpa Nomor SPM]"" in the parent folder when nomor_spm is null",lulus,2.18
226,arsiparis,tests/unit/arsiparis/berkas-export-zip.test.ts,GET /api/kasubag/berkas/$id/export-zip,produces only a DAFTAR_ISI.txt manifest (via document-zip.ts) for a berkas with 0 items,lulus,1.89
227,arsiparis,tests/unit/arsiparis/berkas-export-zip.test.ts,GET /api/kasubag/berkas/$id/export-zip,"passes an empty files[] (skipped, no crash) for an item whose attachments fail to resolve",lulus,1.57
228,arsiparis,tests/unit/arsiparis/berkas-export-zip.test.ts,GET /api/kasubag/berkas/$id/export-zip,returns 401 without a session,lulus,1.65
229,arsiparis,tests/unit/arsiparis/berkas-export-zip.test.ts,GET /api/kasubag/berkas/$id/export-zip,"returns 403 for a non-KEPALA_SUB_BAGIAN_UMUM role, including ADMIN",lulus,0.85
230,arsiparis,tests/unit/arsiparis/berkas-export-zip.test.ts,GET /api/kasubag/berkas/$id/export-zip,"returns 404 for a non-UUID berkas id, without querying the detail read-model",lulus,1.55
231,arsiparis,tests/unit/arsiparis/berkas-export-zip.test.ts,GET /api/kasubag/berkas/$id/export-zip,returns 404 when the berkas does not exist,lulus,0.79
232,arsiparis,tests/unit/arsiparis/berkas-export-zip.test.ts,GET /api/kasubag/berkas/$id/export-zip,returns 409 for a berkas that is still OPEN,lulus,1.50
233,arsiparis,tests/unit/arsiparis/berkas-export-zip.test.ts,GET /api/kasubag/berkas/$id/export-zip,"returns 410 ""Data file sudah dimusnahkan"" for a DIMUSNAHKAN berkas",lulus,2.43
234,arsiparis,tests/unit/arsiparis/berkas-export-zip.test.ts,GET /api/kasubag/berkas/$id/export-zip,"returns 413 with a specific count message for a berkas with > 500 items, before calling the attachment resolver",lulus,2.11
235,arsiparis,tests/unit/arsiparis/berkas-export-zip.test.ts,GET /api/kasubag/berkas/$id/export-zip,maps a DocumentZipTooManyEntriesError from streamDocumentZip to 413,lulus,1.80
236,arsiparis,tests/unit/arsiparis/berkas-export-zip.test.ts,GET /api/kasubag/berkas/$id/export-zip,never writes to the database (no berkas_arsip_activity row) on a successful export,lulus,0.82
237,arsiparis,tests/unit/arsiparis/berkas-export-zip.test.ts,Ekspor ZIP button + dialog (/kasubag/berkas/$id),canExportBerkasZip is true only for CLOSED non-DIMUSNAHKAN berkas,lulus,0.30
238,arsiparis,tests/unit/arsiparis/berkas-export-zip.test.ts,Ekspor ZIP button + dialog (/kasubag/berkas/$id),exportBerkasZipDisabledReason mirrors the server guard messages,lulus,0.21
239,arsiparis,tests/unit/arsiparis/berkas-export-zip.test.ts,Ekspor ZIP button + dialog (/kasubag/berkas/$id),builds the export-zip URL without leaking any storage/path details,lulus,0.17
240,arsiparis,tests/unit/arsiparis/berkas-export-zip.test.ts,Ekspor ZIP button + dialog (/kasubag/berkas/$id),"renders the button disabled with a tooltip reason for OPEN/DIMUSNAHKAN, and wires the confirm dialog to a plain GET navigation (no fetch+blob needed)",lulus,0.95
241,arsiparis,tests/unit/arsiparis/berkas-klasifikasi-eligibility.test.ts,berkas klasifikasi eligibility helper,accepts active leaf classification for operational selection,lulus,4.95
242,arsiparis,tests/unit/arsiparis/berkas-klasifikasi-eligibility.test.ts,berkas klasifikasi eligibility helper,rejects parent classifications for operational selection,lulus,1.98
243,arsiparis,tests/unit/arsiparis/berkas-klasifikasi-eligibility.test.ts,berkas klasifikasi eligibility helper,rejects inactive leaf classifications for operational selection,lulus,0.54
244,arsiparis,tests/unit/arsiparis/berkas-klasifikasi-eligibility.test.ts,berkas klasifikasi eligibility helper,treats a parent with inactive child rows as non-selectable,lulus,0.69
245,arsiparis,tests/unit/arsiparis/berkas-klasifikasi-eligibility.test.ts,berkas klasifikasi eligibility helper,rejects missing classifications for operational selection,lulus,0.73
246,arsiparis,tests/unit/arsiparis/berkas-klasifikasi-eligibility.test.ts,berkas klasifikasi eligibility helper,includes classifications with no existing berkas,lulus,0.52
247,arsiparis,tests/unit/arsiparis/berkas-klasifikasi-eligibility.test.ts,berkas klasifikasi eligibility helper,includes classifications with exactly one OPEN berkas for reuse,lulus,0.33
248,arsiparis,tests/unit/arsiparis/berkas-klasifikasi-eligibility.test.ts,berkas klasifikasi eligibility helper,excludes CLOSED classifications with status_arsip AKTIF,lulus,0.32
249,arsiparis,tests/unit/arsiparis/berkas-klasifikasi-eligibility.test.ts,berkas klasifikasi eligibility helper,excludes CLOSED classifications with status_arsip null,lulus,0.21
250,arsiparis,tests/unit/arsiparis/berkas-klasifikasi-eligibility.test.ts,berkas klasifikasi eligibility helper,excludes CLOSED classifications with status_arsip INAKTIF,lulus,0.22
251,arsiparis,tests/unit/arsiparis/berkas-klasifikasi-eligibility.test.ts,berkas klasifikasi eligibility helper,excludes CLOSED classifications with status_arsip USUL_MUSNAH,lulus,0.22
252,arsiparis,tests/unit/arsiparis/berkas-klasifikasi-eligibility.test.ts,berkas klasifikasi eligibility helper,excludes CLOSED classifications with status_arsip DIMUSNAHKAN,lulus,0.13
253,arsiparis,tests/unit/arsiparis/berkas-klasifikasi-eligibility.test.ts,berkas klasifikasi eligibility helper,names the Tahun Anggaran in the closed reason,lulus,0.31
254,arsiparis,tests/unit/arsiparis/berkas-klasifikasi-eligibility.test.ts,berkas klasifikasi eligibility helper,filters unavailable leaves while retaining parents for eligible children,lulus,0.52
255,arsiparis,tests/unit/arsiparis/berkas-klasifikasi-eligibility.test.ts,berkas klasifikasi eligibility helper,"drops a parent whose every child has a closed berkas, instead of showing it as a pickable leaf",lulus,0.28
256,arsiparis,tests/unit/arsiparis/klasifikasi-create-route.test.ts,arsiparis klasifikasi create route,returns 403 for ADMIN-only create requests,lulus,12.60
257,arsiparis,tests/unit/arsiparis/klasifikasi-create-route.test.ts,arsiparis klasifikasi create route,allows KEPALA_SUB_BAGIAN_UMUM to create klasifikasi,lulus,8.43
258,arsiparis,tests/unit/arsiparis/klasifikasi-create-route.test.ts,arsiparis klasifikasi create route,returns a clear 409 when an active nama already exists,lulus,3.38
259,arsiparis,tests/unit/arsiparis/klasifikasi-create-route.test.ts,arsiparis klasifikasi create route,returns a clear 409 when an active kode already exists,lulus,2.97
260,arsiparis,tests/unit/arsiparis/klasifikasi-create-route.test.ts,arsiparis klasifikasi create route,maps database kode unique violations to 409 without leaking raw database details,lulus,3.52
261,arsiparis,tests/unit/arsiparis/klasifikasi-create-route.test.ts,arsiparis klasifikasi create route,maps unknown database unique violations to a generic 409 conflict,lulus,2.84
262,arsiparis,tests/unit/arsiparis/klasifikasi-create-route.test.ts,arsiparis klasifikasi create route,keeps unexpected insert failures as a generic 500,lulus,2.23
263,arsiparis,tests/unit/arsiparis/klasifikasi-create-route.test.ts,arsiparis klasifikasi create route,returns active and inactive classifications by default for management use,lulus,19.59
264,arsiparis,tests/unit/arsiparis/klasifikasi-create-route.test.ts,arsiparis klasifikasi create route,filters Jenis Pembayaran options for berkas selection eligibility,lulus,3.42
265,arsiparis,tests/unit/arsiparis/klasifikasi-create-route.test.ts,arsiparis klasifikasi create route,GET returns 401 without a session and reads nothing,lulus,1.85
266,arsiparis,tests/unit/arsiparis/klasifikasi-create-route.test.ts,arsiparis klasifikasi create route,GET returns 403 for PEGAWAI,lulus,1.92
267,arsiparis,tests/unit/arsiparis/klasifikasi-create-route.test.ts,arsiparis klasifikasi create route,GET returns 403 for PPK,lulus,1.35
268,arsiparis,tests/unit/arsiparis/klasifikasi-create-route.test.ts,arsiparis klasifikasi create route,GET returns 403 for PPSPM,lulus,1.26
269,arsiparis,tests/unit/arsiparis/klasifikasi-create-route.test.ts,arsiparis klasifikasi create route,GET returns 403 for PENANGGUNG_JAWAB_KINERJA,lulus,1.27
270,arsiparis,tests/unit/arsiparis/klasifikasi-create-route.test.ts,arsiparis klasifikasi create route,GET returns 403 for ADMIN,lulus,0.85
271,arsiparis,tests/unit/arsiparis/klasifikasi-ui-source.test.ts,Master Klasifikasi Dokumen UI source guard,derives parent and leaf visual status from children,lulus,2.08
272,arsiparis,tests/unit/arsiparis/klasifikasi-ui-source.test.ts,Master Klasifikasi Dokumen UI source guard,shows operational selection and active state copy without backend changes,lulus,0.73
273,arsiparis,tests/unit/arsiparis/klasifikasi-ui-source.test.ts,Master Klasifikasi Dokumen UI source guard,uses distinct visual tones for type and active status badges,lulus,0.42
274,arsiparis,tests/unit/arsiparis/klasifikasi-ui-source.test.ts,Master Klasifikasi Dokumen UI source guard,uses soft deactivate wording instead of hard delete wording,lulus,0.74
275,arsiparis,tests/unit/arsiparis/klasifikasi-ui-source.test.ts,Master Klasifikasi Dokumen UI source guard,offers explicit reactivation for inactive classifications,lulus,0.38
276,arsiparis,tests/unit/arsiparis/klasifikasi-ui-source.test.ts,Master Klasifikasi Dokumen UI source guard,keeps prototype-style add-child shortcuts and single detail panel metadata,lulus,0.27
277,arsiparis,tests/unit/arsiparis/klasifikasi-update-route.test.ts,arsiparis klasifikasi update route,returns 403 for ADMIN-only update requests,lulus,11.64
278,arsiparis,tests/unit/arsiparis/klasifikasi-update-route.test.ts,arsiparis klasifikasi update route,returns 403 for ADMIN-only delete requests,lulus,1.58
279,arsiparis,tests/unit/arsiparis/klasifikasi-update-route.test.ts,arsiparis klasifikasi update route,returns a clear 409 when updating to an active nama from another row,lulus,3.80
280,arsiparis,tests/unit/arsiparis/klasifikasi-update-route.test.ts,arsiparis klasifikasi update route,returns a clear 409 when updating to an active kode from another row,lulus,1.49
281,arsiparis,tests/unit/arsiparis/klasifikasi-update-route.test.ts,arsiparis klasifikasi update route,does not block unchanged current row kode and nama as duplicates,lulus,2.59
282,arsiparis,tests/unit/arsiparis/klasifikasi-update-route.test.ts,arsiparis klasifikasi update route,maps database kode unique violations to 409 without leaking raw database details,lulus,2.48
283,arsiparis,tests/unit/arsiparis/klasifikasi-update-route.test.ts,arsiparis klasifikasi update route,maps unknown database unique violations to a generic 409 conflict,lulus,1.60
284,arsiparis,tests/unit/arsiparis/klasifikasi-update-route.test.ts,arsiparis klasifikasi update route,keeps unexpected update failures as a generic 500,lulus,2.37
285,arsiparis,tests/unit/arsiparis/klasifikasi-update-route.test.ts,arsiparis klasifikasi update route,reactivates an inactive classification when parent chain is active,lulus,3.26
286,arsiparis,tests/unit/arsiparis/klasifikasi-update-route.test.ts,arsiparis klasifikasi update route,rejects reactivation when parent chain is inactive,lulus,2.16
287,arsiparis,tests/unit/arsiparis/klasifikasi-update-route.test.ts,arsiparis klasifikasi update route,rejects PATCH deactivation so delete safety cannot be bypassed,lulus,1.84
288,arsiparis,tests/unit/arsiparis/klasifikasi-update-route.test.ts,arsiparis klasifikasi update route,rejects nonactivation for a parent with active children,lulus,1.92
289,arsiparis,tests/unit/arsiparis/klasifikasi-update-route.test.ts,arsiparis klasifikasi update route,soft deactivates only the selected active classification when no active child exists,lulus,3.16
290,arsiparis,tests/unit/arsiparis/klasifikasi-update-route.test.ts,arsiparis klasifikasi update route,keeps nonactivation idempotent for already inactive classifications,lulus,1.57
291,arsiparis,tests/unit/arsiparis/manual-arsip-route.test.ts,manual archive retention helper,calculates date-only retention periods from archive date and labels,lulus,3.43
292,arsiparis,tests/unit/arsiparis/manual-arsip-route.test.ts,manual archive retention helper,uses a transitional sentinel for Permanen retention labels,lulus,0.80
293,arsiparis,tests/unit/arsiparis/manual-arsip-route.test.ts,manual archive retention helper,clamps leap-day calendar-year additions to the last valid day of February,lulus,0.33
294,arsiparis,tests/unit/arsiparis/manual-arsip-route.test.ts,manual archive retention helper,rejects invalid date-only input before calculating retention dates,lulus,1.50
295,arsiparis,tests/unit/arsiparis/manual-arsip-route.test.ts,manual arsip API foundation routes,removes the manual arsip category-list endpoint entirely (replaced by Fungsi/Kegiatan/Komponen),lulus,10.05
296,arsiparis,tests/unit/arsiparis/manual-arsip-route.test.ts,manual arsip API foundation routes,protects create with the same-origin guard before auth/db work,lulus,13.72
297,arsiparis,tests/unit/arsiparis/manual-arsip-route.test.ts,manual arsip API foundation routes,rejects create for unauthorized assigned roles,lulus,8.11
298,arsiparis,tests/unit/arsiparis/manual-arsip-route.test.ts,manual arsip API foundation routes,rejects unauthenticated create with 401,lulus,7.81
299,arsiparis,tests/unit/arsiparis/manual-arsip-route.test.ts,manual arsip API foundation routes,rejects ADMIN-only create with 403,lulus,7.97
300,arsiparis,tests/unit/arsiparis/manual-arsip-route.test.ts,manual arsip API foundation routes,rejects missing keterangan without a 500,lulus,13.94
301,arsiparis,tests/unit/arsiparis/manual-arsip-route.test.ts,manual arsip API foundation routes,rejects invalid or partial final retention metadata without a 500,lulus,14.41
302,arsiparis,tests/unit/arsiparis/manual-arsip-route.test.ts,manual arsip API foundation routes,rejects missing or invalid klasifikasi_id without a 500,lulus,11.93
303,arsiparis,tests/unit/arsiparis/manual-arsip-route.test.ts,manual arsip API foundation routes,rejects invalid legacy retention labels without a 500,lulus,11.66
304,arsiparis,tests/unit/arsiparis/manual-arsip-route.test.ts,manual arsip API foundation routes,rejects parent classification for manual document creation without DB writes,lulus,12.47
305,arsiparis,tests/unit/arsiparis/manual-arsip-route.test.ts,manual arsip API foundation routes,rejects missing nominal_realisasi without a 500,lulus,8.14
306,arsiparis,tests/unit/arsiparis/manual-arsip-route.test.ts,manual arsip API foundation routes,rejects null nominal_realisasi without a 500,lulus,8.49
307,arsiparis,tests/unit/arsiparis/manual-arsip-route.test.ts,manual arsip API foundation routes,rejects empty nominal_realisasi without a 500,lulus,7.56
308,arsiparis,tests/unit/arsiparis/manual-arsip-route.test.ts,manual arsip API foundation routes,rejects formatted nominal_realisasi strings without a 500,lulus,9.93
309,arsiparis,tests/unit/arsiparis/manual-arsip-route.test.ts,manual arsip API foundation routes,rejects decimal nominal_realisasi without a 500,lulus,7.04
310,arsiparis,tests/unit/arsiparis/manual-arsip-route.test.ts,manual arsip API foundation routes,rejects zero nominal_realisasi without a 500,lulus,6.46
311,arsiparis,tests/unit/arsiparis/manual-arsip-route.test.ts,manual arsip API foundation routes,rejects negative nominal without a 500,lulus,6.61
312,arsiparis,tests/unit/arsiparis/manual-arsip-route.test.ts,manual arsip API foundation routes,creates manual source metadata without final archive fields and without a canonical MANUAL row,lulus,34.65
313,arsiparis,tests/unit/arsiparis/manual-arsip-route.test.ts,manual arsip API foundation routes,reuses an existing OPEN berkas when creating a manual document,lulus,32.21
314,arsiparis,tests/unit/arsiparis/manual-arsip-route.test.ts,manual arsip API foundation routes,rejects manual create when the selected jenis pembayaran already has a CLOSED berkas,lulus,15.63
315,arsiparis,tests/unit/arsiparis/manual-arsip-route.test.ts,manual arsip API foundation routes,maps duplicate manual berkas item assignment to a safe conflict,lulus,15.00
316,arsiparis,tests/unit/arsiparis/manual-arsip-route.test.ts,manual arsip API foundation routes,creates with Permanen retention using the transitional sentinel dates,lulus,19.03
317,arsiparis,tests/unit/arsiparis/manual-arsip-route.test.ts,manual arsip API foundation routes,creates final manual source metadata without creating or linking a canonical MANUAL row,lulus,19.29
318,arsiparis,tests/unit/arsiparis/manual-arsip-route.test.ts,manual arsip API foundation routes,does not create a canonical fallback when duplicate manual berkas item insert fails,lulus,14.40
319,arsiparis,tests/unit/arsiparis/manual-arsip-route.test.ts,manual arsip API foundation routes,rejects missing active klasifikasi lookup on create,lulus,11.10
320,arsiparis,tests/unit/arsiparis/manual-arsip-route.test.ts,manual arsip API foundation routes,rejects top-level and metadata file path fields on create,lulus,10.92
321,arsiparis,tests/unit/arsiparis/manual-arsip-route.test.ts,manual arsip API foundation routes,rejects client-provided classification snapshots on create,lulus,8.54
322,arsiparis,tests/unit/arsiparis/manual-arsip-route.test.ts,manual arsip API foundation routes,returns list/detail responses without logical attachment paths or URLs,lulus,10.67
323,arsiparis,tests/unit/arsiparis/manual-arsip-route.test.ts,manual arsip API foundation routes,rejects unauthenticated manual archive metadata PATCH with 401,lulus,8.30
324,arsiparis,tests/unit/arsiparis/manual-arsip-route.test.ts,manual arsip API foundation routes,rejects ADMIN-only manual archive metadata PATCH with 403,lulus,6.94
325,arsiparis,tests/unit/arsiparis/manual-arsip-route.test.ts,manual arsip API foundation routes,rejects non-Kasubag manual archive metadata PATCH with 403,lulus,6.92
326,arsiparis,tests/unit/arsiparis/manual-arsip-route.test.ts,manual arsip API foundation routes,returns safe 404 for invalid manual archive PATCH id,lulus,7.51
327,arsiparis,tests/unit/arsiparis/manual-arsip-route.test.ts,manual arsip API foundation routes,returns safe 404 for missing manual archive metadata PATCH target,lulus,7.95
328,arsiparis,tests/unit/arsiparis/manual-arsip-route.test.ts,manual arsip API foundation routes,updates AKTIF manual archive parent metadata and safe snapshots,lulus,15.09
329,arsiparis,tests/unit/arsiparis/manual-arsip-route.test.ts,manual arsip API foundation routes,updates AKTIF manual archive PATCH as source-only folder-first metadata,lulus,14.22
330,arsiparis,tests/unit/arsiparis/manual-arsip-route.test.ts,manual arsip API foundation routes,rejects manual archive metadata PATCH for non-AKTIF statuses with 409,lulus,15.00
331,arsiparis,tests/unit/arsiparis/manual-arsip-route.test.ts,manual arsip API foundation routes,rejects missing required metadata fields on manual archive PATCH,lulus,9.82
332,arsiparis,tests/unit/arsiparis/manual-arsip-route.test.ts,manual arsip API foundation routes,rejects invalid date-only values on manual archive PATCH,lulus,12.37
333,arsiparis,tests/unit/arsiparis/manual-arsip-route.test.ts,manual arsip API foundation routes,rejects invalid or partial final metadata fields on manual archive PATCH,lulus,23.34
334,arsiparis,tests/unit/arsiparis/manual-arsip-route.test.ts,manual arsip API foundation routes,rejects invalid nominal_realisasi values on manual archive PATCH,lulus,27.08
335,arsiparis,tests/unit/arsiparis/manual-arsip-route.test.ts,manual arsip API foundation routes,rejects invalid fungsi on manual archive PATCH,lulus,6.88
336,arsiparis,tests/unit/arsiparis/manual-arsip-route.test.ts,manual arsip API foundation routes,rejects invalid kegiatan on manual archive PATCH,lulus,8.03
337,arsiparis,tests/unit/arsiparis/manual-arsip-route.test.ts,manual arsip API foundation routes,rejects invalid komponen on manual archive PATCH,lulus,7.09
338,arsiparis,tests/unit/arsiparis/manual-arsip-route.test.ts,manual arsip API foundation routes,rejects invalid klasifikasi on manual archive PATCH,lulus,9.29
339,arsiparis,tests/unit/arsiparis/manual-arsip-route.test.ts,manual arsip API foundation routes,does not expose file access or sensitive fields in manual archive PATCH response,lulus,10.26
340,arsiparis,tests/unit/arsiparis/manual-arsip-route.test.ts,manual arsip API foundation routes,allows KEPALA_SUB_BAGIAN_UMUM to preview an AKTIF attachment inline,lulus,15.68
341,arsiparis,tests/unit/arsiparis/manual-arsip-route.test.ts,manual arsip API foundation routes,allows KEPALA_SUB_BAGIAN_UMUM to download an AKTIF attachment,lulus,13.52
342,arsiparis,tests/unit/arsiparis/manual-arsip-route.test.ts,manual arsip API foundation routes,rejects ADMIN-only preview and download with 403 before DB access,lulus,7.14
343,arsiparis,tests/unit/arsiparis/manual-arsip-route.test.ts,manual arsip API foundation routes,rejects non-Kasubag preview and download with 403 before DB access,lulus,7.54
344,arsiparis,tests/unit/arsiparis/manual-arsip-route.test.ts,manual arsip API foundation routes,rejects unauthenticated preview and download with 401 before DB access,lulus,6.97
345,arsiparis,tests/unit/arsiparis/manual-arsip-route.test.ts,manual arsip API foundation routes,returns safe 404 for missing parent or wrong attachment ids,lulus,10.93
346,arsiparis,tests/unit/arsiparis/manual-arsip-route.test.ts,manual arsip API foundation routes,returns safe 404 when attachment does not belong to the requested parent,lulus,8.55
347,arsiparis,tests/unit/arsiparis/manual-arsip-route.test.ts,manual arsip API foundation routes,blocks preview and download for DIMUSNAHKAN parents with 410,lulus,8.80
348,arsiparis,tests/unit/arsiparis/manual-arsip-route.test.ts,manual arsip API foundation routes,returns a safe 404 for missing attachment files without path details,lulus,8.81
349,arsiparis,tests/unit/arsiparis/manual-arsip-route.test.ts,manual arsip API foundation routes,does not serve stored unsafe content types inline or as download,lulus,15.17
350,arsiparis,tests/unit/arsiparis/manual-arsip-route.test.ts,manual arsip API foundation routes,sanitizes unsafe filename policy segments,lulus,15.53
351,arsiparis,tests/unit/arsiparis/manual-arsip-route.test.ts,manual arsip API foundation routes,sanitizes header injection attempts and prefers content-type extension on conflicts,lulus,16.13
352,arsiparis,tests/unit/arsiparis/manual-arsip-route.test.ts,manual arsip API foundation routes,uses fallback segments when policy segments sanitize to empty,lulus,15.23
353,arsiparis,tests/unit/arsiparis/manual-arsip-route.test.ts,manual arsip API foundation routes,truncates long filenames while preserving extension,lulus,17.31
354,arsiparis,tests/unit/arsiparis/manual-arsip-route.test.ts,manual arsip create with pending attachments (real filesystem),"creates the arsip, its attachment rows and moves the pending files in one transaction",lulus,37.17
355,arsiparis,tests/unit/arsiparis/manual-arsip-route.test.ts,manual arsip create with pending attachments (real filesystem),"rejects a missing pending file before writing anything, naming the lampiran",lulus,19.55
356,arsiparis,tests/unit/arsiparis/manual-arsip-route.test.ts,manual arsip create with pending attachments (real filesystem),rejects a pending file that belongs to another user,lulus,15.27
357,arsiparis,tests/unit/arsiparis/manual-arsip-route.test.ts,manual arsip create with pending attachments (real filesystem),rolls back and returns every file to pending when a move fails mid-way,lulus,30.67
358,arsiparis,tests/unit/arsiparis/manual-arsip-route.test.ts,manual arsip create with pending attachments (real filesystem),returns moved files to pending when the commit fails,lulus,56.08
359,arsiparis,tests/unit/arsiparis/manual-arsip-route.test.ts,manual arsip create with pending attachments (real filesystem),"rejects an arsip without attachments (minimal 1 lampiran, like pengajuan)",lulus,10.32
360,arsiparis,tests/unit/arsiparis/manual-arsip-route.test.ts,manual arsip create with pending attachments (real filesystem),rejects the same pending file used twice and more than five attachments,lulus,13.41
361,arsiparis,tests/unit/arsiparis/rp01-de-arsip-constants.test.ts,RP-01 — konstanta & tipe,menyediakan BERKAS_RESTING_STATUS = AKTIF,lulus,1.51
362,arsiparis,tests/unit/arsiparis/rp01-de-arsip-constants.test.ts,RP-01 — konstanta & tipe,rute KSBU: PEMBERSIHAN menggantikan USUL_MUSNAH,lulus,0.28
363,arsiparis,tests/unit/arsiparis/rp01-de-arsip-constants.test.ts,RP-01 — konstanta & tipe,"rute KSBU: BERKAS_TERTUTUP ditambahkan, INAKTIF dihapus",lulus,0.21
364,arsiparis,tests/unit/arsiparis/rp01-de-arsip-constants.test.ts,RP-01 — konstanta & tipe,label activity di-relabel ke istilah pembersihan,lulus,0.21
365,arsiparis,tests/unit/arsiparis/rp01-de-arsip-constants.test.ts,RP-01 — konstanta & tipe,regression: ARCHIVE_STATUS_VALUES tetap utuh (dipakai DB CHECK),lulus,0.80
366,arsiparis,tests/unit/arsiparis/rp01-de-arsip-constants.test.ts,RP-01 — konstanta & tipe,regression: BERKAS_ACTIVITY_EVENT_TYPES tetap utuh (dipakai DB CHECK),lulus,0.31
367,arsiparis,tests/unit/arsiparis/workflow-archive-route.test.ts,workflow classification to berkas route,classifies a COMPLETED workflow document into a new OPEN berkas without canonical archive writes or status transition,lulus,29.96
368,arsiparis,tests/unit/arsiparis/workflow-archive-route.test.ts,workflow classification to berkas route,allows initial classification without nomor_surat,lulus,7.79
369,arsiparis,tests/unit/arsiparis/workflow-archive-route.test.ts,workflow classification to berkas route,allows initial classification without final retention metadata,lulus,7.30
370,arsiparis,tests/unit/arsiparis/workflow-archive-route.test.ts,workflow classification to berkas route,reuses an existing OPEN berkas and attaches the workflow item,lulus,5.59
371,arsiparis,tests/unit/arsiparis/workflow-archive-route.test.ts,workflow classification to berkas route,rejects workflow classification when the selected jenis pembayaran already has a CLOSED berkas,lulus,6.43
372,arsiparis,tests/unit/arsiparis/workflow-archive-route.test.ts,workflow classification to berkas route,maps duplicate berkas item assignment to a safe conflict response,lulus,4.76
373,arsiparis,tests/unit/arsiparis/workflow-archive-route.test.ts,workflow classification to berkas route,rejects missing klasifikasi_id before DB writes,lulus,5.55
374,arsiparis,tests/unit/arsiparis/workflow-archive-route.test.ts,workflow classification to berkas route,rejects missing tahun_anggaran before DB writes,lulus,5.06
375,arsiparis,tests/unit/arsiparis/workflow-archive-route.test.ts,workflow classification to berkas route,rejects inactive or missing classification without inserting berkas items,lulus,4.60
376,arsiparis,tests/unit/arsiparis/workflow-archive-route.test.ts,workflow classification to berkas route,rejects parent classification without creating berkas or item rows,lulus,5.64
377,arsiparis,tests/unit/arsiparis/workflow-archive-route.test.ts,workflow classification to berkas route,rejects non-COMPLETED documents with safe not-final copy,lulus,5.06
378,arsiparis,tests/unit/arsiparis/workflow-archive-route.test.ts,workflow classification to berkas route,keeps ADMIN-only users out of workflow archive writes,lulus,1.76
379,arsiparis,tests/unit/arsiparis/workflow-archive-route.test.ts,workflow classification to berkas route,"inserts the new berkas with ON CONFLICT (klasifikasi_id, tahun_anggaran) DO NOTHING",lulus,5.76
380,arsiparis,tests/unit/arsiparis/workflow-archive-route.test.ts,workflow classification to berkas route,joins the berkas created by a concurrent request instead of failing the transaction,lulus,7.15
381,arsiparis,tests/unit/arsiparis/workflow-nama-arsip.test.ts,deriveWorkflowNamaArsip,combines document type and title when both are available,lulus,2.05
382,arsiparis,tests/unit/arsiparis/workflow-nama-arsip.test.ts,deriveWorkflowNamaArsip,uses title before kegiatan name,lulus,0.29
383,arsiparis,tests/unit/arsiparis/workflow-nama-arsip.test.ts,deriveWorkflowNamaArsip,falls back to kegiatan name and then a generic safe name,lulus,0.20
384,arsiparis,tests/unit/arsiparis/workflow-nama-arsip.test.ts,deriveWorkflowNamaArsip,caps the derived name to a bounded length,lulus,1.01
385,auth,tests/unit/auth/login-form-identifier.test.ts,"login form uses a username/NIP identifier, not an email field",src/routes/login.tsx no longer renders an email input and offers username/NIP copy,lulus,1.84
386,auth,tests/unit/auth/login-identifier-resolution.test.ts,loginWithLocalCredentials identifier resolution,resolves an active user by username,lulus,6.46
387,auth,tests/unit/auth/login-identifier-resolution.test.ts,loginWithLocalCredentials identifier resolution,resolves the same active user by NIP,lulus,1.43
388,auth,tests/unit/auth/login-identifier-resolution.test.ts,loginWithLocalCredentials identifier resolution,rejects an inactive account with 403 before checking the password,lulus,2.34
389,auth,tests/unit/auth/login-identifier-resolution.test.ts,loginWithLocalCredentials identifier resolution,returns an identical generic error for a wrong password and an unknown identifier,lulus,1.32
390,auth,tests/unit/auth/login-rate-limit.test.ts,login rate-limit helper,normalizes identifier and IP when building keys,lulus,1.86
391,auth,tests/unit/auth/login-rate-limit.test.ts,login rate-limit helper,uses identifier-only and IP-only fallback keys without passwords,lulus,0.34
392,auth,tests/unit/auth/login-rate-limit.test.ts,login rate-limit helper,allows attempts before the threshold and then applies cooldown,lulus,2.63
393,auth,tests/unit/auth/login-rate-limit.test.ts,login rate-limit helper,does not globally block unrelated identifier keys,lulus,0.41
394,auth,tests/unit/auth/login-rate-limit.test.ts,login rate-limit helper,clears failed attempts after a successful login before the threshold,lulus,0.41
395,auth,tests/unit/auth/login-rate-limit.test.ts,login rate-limit helper,expires old attempts and expired cooldown state,lulus,0.59
396,auth,tests/unit/auth/login-route-rate-limit.test.ts,/api/auth/login rate-limit behavior,preserves successful login response and compatibility cookies,lulus,17.05
397,auth,tests/unit/auth/login-route-rate-limit.test.ts,/api/auth/login rate-limit behavior,rejects cross-origin login POST before credential verification,lulus,1.53
398,auth,tests/unit/auth/login-route-rate-limit.test.ts,/api/auth/login rate-limit behavior,keeps invalid user and wrong password responses generic and equivalent,lulus,4.21
399,auth,tests/unit/auth/login-route-rate-limit.test.ts,/api/auth/login rate-limit behavior,increments failed login attempts and returns 429 after repeated failures,lulus,9.41
400,auth,tests/unit/auth/login-route-rate-limit.test.ts,/api/auth/login rate-limit behavior,blocks correct credentials while the key is rate-limited,lulus,6.62
401,auth,tests/unit/auth/login-route-rate-limit.test.ts,/api/auth/login rate-limit behavior,clears failed attempts after a successful login before the threshold,lulus,2.37
402,auth,tests/unit/auth/role-assignment.test.ts,admin user role assignment normalization,selecting ADMIN from PEGAWAI + PPK results in ADMIN only,lulus,2.17
403,auth,tests/unit/auth/role-assignment.test.ts,admin user role assignment normalization,selecting PPK from ADMIN results in PEGAWAI + PPK,lulus,0.38
404,auth,tests/unit/auth/role-assignment.test.ts,admin user role assignment normalization,keeps PEGAWAI for non-admin role combinations,lulus,0.40
405,auth,tests/unit/auth/role-assignment.test.ts,admin user role assignment normalization,adds PEGAWAI to submitted non-admin payloads that omit it,lulus,0.32
406,auth,tests/unit/auth/role-assignment.test.ts,admin user role assignment normalization,normalizes mixed ADMIN submissions to ADMIN only,lulus,0.24
407,auth,tests/unit/auth/role-assignment.test.ts,admin user role assignment normalization,deduplicates submitted roles before persistence,lulus,0.17
408,auth,tests/unit/auth/role-assignment.test.ts,admin user role assignment normalization,identifies unknown submitted role names before normalization,lulus,0.21
409,auth,tests/unit/auth/role-assignment.test.ts,admin user role assignment normalization,rejects self admin demotion,lulus,0.28
410,auth,tests/unit/auth/role-assignment.test.ts,admin user role assignment normalization,allows an admin to demote another admin when another active admin remains,lulus,0.28
411,auth,tests/unit/auth/role-assignment.test.ts,admin user role assignment normalization,rejects removing ADMIN from the last active admin account,lulus,0.32
412,auth,tests/unit/auth/role-assignment.test.ts,admin user role assignment normalization,rejects deactivating the last active admin account,lulus,0.17
413,auth,tests/unit/auth/role-resolution.test.ts,local auth role resolution,prefers PEGAWAI as the primary role when present,lulus,2.10
414,auth,tests/unit/auth/role-resolution.test.ts,local auth role resolution,uses the first assigned role as primary when PEGAWAI is absent,lulus,0.36
415,auth,tests/unit/auth/role-resolution.test.ts,local auth role resolution,uses a valid requested active role,lulus,0.31
416,auth,tests/unit/auth/role-resolution.test.ts,local auth role resolution,falls back to the primary role when the requested active role is missing or invalid,lulus,0.28
417,auth,tests/unit/auth/role-resolution.test.ts,local auth role resolution,rejects users with no assigned roles,lulus,1.12
418,auth,tests/unit/auth/role-resolution.test.ts,local auth role resolution,rejects ADMIN combined with any other role,lulus,0.30
419,auth,tests/unit/auth/role-resolution.test.ts,local auth role resolution,treats PENANGGUNG_JAWAB_KINERJA as a non-admin assignable role,lulus,0.31
420,auth,tests/unit/auth/roles-navigation.test.ts,PENANGGUNG_JAWAB_KINERJA role foundation,defines the canonical role and display label,lulus,2.08
421,auth,tests/unit/auth/roles-navigation.test.ts,PENANGGUNG_JAWAB_KINERJA role foundation,keeps PPSPM internal value while displaying PPSPM,lulus,0.25
422,auth,tests/unit/auth/roles-navigation.test.ts,PENANGGUNG_JAWAB_KINERJA role foundation,uses the Penanggung Jawab Kinerja dashboard as the role default route,lulus,0.24
423,auth,tests/unit/auth/roles-navigation.test.ts,PENANGGUNG_JAWAB_KINERJA role foundation,"exposes dashboard, Laporan Kinerja, and deferred system navigation for the role",lulus,1.42
424,auth,tests/unit/auth/roles-navigation.test.ts,PENANGGUNG_JAWAB_KINERJA role foundation,has no navigation item without a destination in any role,lulus,1.45
425,auth,tests/unit/auth/roles-navigation.test.ts,PENANGGUNG_JAWAB_KINERJA role foundation,"shows Settings only for ADMIN, labelled Pengaturan Aplikasi",lulus,0.45
426,auth,tests/unit/auth/roles-navigation.test.ts,PENANGGUNG_JAWAB_KINERJA role foundation,labels the history item Log Aktivitas for every role,lulus,0.29
427,auth,tests/unit/auth/roles-navigation.test.ts,PENANGGUNG_JAWAB_KINERJA role foundation,keeps ADMIN as a separate dedicated role,lulus,0.54
428,auth,tests/unit/auth/roles-navigation.test.ts,PENANGGUNG_JAWAB_KINERJA role foundation,points Kepala Sub Bagian Umum active archive navigation to folder-first berkas page,lulus,0.98
429,auth,tests/unit/auth/roles-navigation.test.ts,PENANGGUNG_JAWAB_KINERJA role foundation,applies RP-01 de-arsip labels and route add/remove/rename to KSBU navigation,lulus,0.95
430,auth,tests/unit/auth/roles-navigation.test.ts,PENANGGUNG_JAWAB_KINERJA role foundation,does not expose the legacy global archive search route in role navigation,lulus,1.19
431,auth,tests/unit/auth/roles-navigation.test.ts,PENANGGUNG_JAWAB_KINERJA role foundation,does not expose the removed Laporan Klasifikasi archive report surface in role navigation,lulus,2.13
432,auth,tests/unit/auth/same-origin-route-protection.test.ts,same-origin protection on auth/account mutation routes,rejects cross-origin logout before session revocation,lulus,10.17
433,auth,tests/unit/auth/same-origin-route-protection.test.ts,same-origin protection on auth/account mutation routes,allows same-origin logout and preserves success response,lulus,4.64
434,auth,tests/unit/auth/same-origin-route-protection.test.ts,same-origin protection on auth/account mutation routes,rejects cross-origin password change before auth and mutation,lulus,2.15
435,auth,tests/unit/auth/same-origin-route-protection.test.ts,same-origin protection on auth/account mutation routes,allows same-origin password change and preserves success response,lulus,4.49
436,auth,tests/unit/auth/session-cookies.test.ts,session cookie helpers,reads named cookie values from a cookie header,lulus,1.81
437,auth,tests/unit/auth/session-cookies.test.ts,session cookie helpers,creates an HttpOnly session cookie without Secure on local HTTP,lulus,2.58
438,auth,tests/unit/auth/session-cookies.test.ts,session cookie helpers,keeps Secure by default in production even on HTTP,lulus,0.69
439,auth,tests/unit/auth/session-cookies.test.ts,session cookie helpers,allows explicit trusted HTTP LAN mode to omit Secure in production,lulus,1.16
440,auth,tests/unit/auth/session-cookies.test.ts,session cookie helpers,allows explicitly forcing Secure on local HTTP,lulus,0.63
441,auth,tests/unit/auth/session-cookies.test.ts,session cookie helpers,uses Secure for HTTPS requests by default,lulus,0.64
442,auth,tests/unit/auth/session-cookies.test.ts,session cookie helpers,keeps the active role cookie readable by omitting HttpOnly,lulus,0.31
443,auth,tests/unit/auth/session-cookies.test.ts,session cookie helpers,reads only canonical active role cookie values,lulus,0.32
444,auth,tests/unit/auth/session-cookies.test.ts,session cookie helpers,clears both compatibility cookies,lulus,0.63
445,auth,tests/unit/auth/session-token.test.ts,session token utility,generates a non-empty base64url-like token,lulus,3.36
446,auth,tests/unit/auth/session-token.test.ts,session token utility,generates different token values,lulus,2.03
447,auth,tests/unit/auth/session-token.test.ts,session token utility,hashes tokens deterministically,lulus,1.03
448,auth,tests/unit/auth/session-token.test.ts,session token utility,returns a hash that differs from the raw token,lulus,0.39
449,auth,tests/unit/auth/session-token.test.ts,session token utility,rejects empty token input,lulus,0.97
450,auth,tests/unit/auth/session-token.test.ts,session token utility,validates token and hash shapes without authorizing them,lulus,0.46
451,components,tests/unit/components/attachment-viewer-source.test.ts,AttachmentViewer destroyed-file UX wiring,routes preview and download failures through safe storage-client messages,lulus,2.80
452,components,tests/unit/components/attachment-viewer-source.test.ts,AttachmentViewer destroyed-file UX wiring,uses document-aware preview and download routes for every apiType branch,lulus,0.94
453,components,tests/unit/components/attachment-viewer-source.test.ts,AttachmentViewer destroyed-file UX wiring,uses bordered premium preview and download actions without changing behavior,lulus,0.72
454,components,tests/unit/components/attachment-viewer-source.test.ts,AttachmentViewer destroyed-file UX wiring,keeps the unified document preview overlay visual-only and route-safe,lulus,2.36
455,components,tests/unit/components/confirm-dialog-source.test.ts,unified ConfirmDialog,is built on the Base UI AlertDialog primitives,lulus,1.51
456,components,tests/unit/components/confirm-dialog-source.test.ts,unified ConfirmDialog,supports the full tone set with a centred icon badge,lulus,0.55
457,components,tests/unit/components/confirm-dialog-source.test.ts,unified ConfirmDialog,"keeps back-compat props (variant, typedConfirmation, size, trigger, pending)",lulus,0.28
458,components,tests/unit/components/confirm-dialog-source.test.ts,unified ConfirmDialog,focuses the cancel action first for destructive confirmations,lulus,0.11
459,components,tests/unit/components/confirm-dialog-source.test.ts,unified ConfirmDialog,does not let Esc / backdrop dismiss a destructive dialog,lulus,0.16
460,components,tests/unit/components/confirm-dialog-source.test.ts,useConfirm provider,exposes an imperative confirm() with a FIFO queue,lulus,0.39
461,components,tests/unit/components/confirm-dialog-source.test.ts,useConfirm provider,is mounted at the app root around AppLayout,lulus,0.21
462,components,tests/unit/components/confirm-dialog-source.test.ts,reduced motion,has a motion-safe rule scoped to the confirm dialog slots,lulus,0.33
463,components,tests/unit/components/ui-foundation.test.ts,Phase 15E shared UI foundation mappings,uses canonical document status labels without prototype-only statuses,lulus,2.39
464,components,tests/unit/components/ui-foundation.test.ts,Phase 15E shared UI foundation mappings,"uses canonical folder, lifecycle, and source labels",lulus,0.77
465,components,tests/unit/components/ui-foundation.test.ts,Phase 15E shared UI foundation mappings,falls back safely for unknown status values,lulus,0.30
466,components,tests/unit/components/ui-foundation.test.ts,Phase 15E shared UI foundation mappings,uses Phase 15 role display labels without changing internal values,lulus,0.48
467,dashboard,tests/unit/dashboard/role-dashboard-visual-parity-source.test.ts,role dashboard visual parity source guard,keeps shared dashboard primitives aligned with prototype structure,lulus,4.69
468,dashboard,tests/unit/dashboard/role-dashboard-visual-parity-source.test.ts,role dashboard visual parity source guard,keeps Pegawai dashboard revision-focused and quick-action based,lulus,1.82
469,dashboard,tests/unit/dashboard/role-dashboard-visual-parity-source.test.ts,role dashboard visual parity source guard,keeps PPK and PPSPM dashboards using existing workflow APIs for pending nominal,lulus,2.97
470,dashboard,tests/unit/dashboard/role-dashboard-visual-parity-source.test.ts,role dashboard visual parity source guard,keeps Kepala Sub Bagian Umum dashboard folder-first and action-list based,lulus,1.84
471,dashboard,tests/unit/dashboard/role-dashboard-visual-parity-source.test.ts,role dashboard visual parity source guard,keeps Penanggung Jawab Kinerja dashboard metadata-only,lulus,1.77
472,dashboard,tests/unit/dashboard/role-dashboard-visual-parity-source.test.ts,role dashboard visual parity source guard,keeps Admin dashboard local to configuration data and links to the global Log Aktivitas,lulus,2.59
473,dashboard,tests/unit/dashboard/role-dashboard-visual-parity-source.test.ts,role dashboard visual parity source guard,keeps dashboard badge labels semantic and avoids confusing prototype placeholders,lulus,1.50
474,db,tests/unit/db/seed-users.test.ts,seedDevelopmentUsers,skips development users when the seed password hash is missing,lulus,5.81
475,db,tests/unit/db/seed-users.test.ts,seedDevelopmentUsers,rejects an expanded or malformed seed password hash without inserting users,lulus,2.19
476,db,tests/unit/db/seed-users.test.ts,seedDevelopmentUsers,rejects an expanded or malformed seed password hash without inserting users,lulus,1.11
477,db,tests/unit/db/seed-users.test.ts,seedDevelopmentUsers,continues to the database insert path for a literal Argon2id PHC-shaped hash,lulus,4.01
478,db,tests/unit/db/username-migration-source.test.ts,0017_username_login_identity migration,exists and is registered in the manual drizzle journal,lulus,11.14
479,db,tests/unit/db/username-migration-source.test.ts,0017_username_login_identity migration,adds username/nip_nrp uniqueness and drops the email uniqueness,lulus,1.51
480,db,tests/unit/db/username-migration-source.test.ts,0017_username_login_identity migration,enforces a username format CHECK identical to the application-level isValidUsername() regex,lulus,1.04
481,dokumen,tests/unit/dokumen/ajukan-dokumen-parity-source.test.ts,Phase 15L.1 Ajukan Dokumen parity source guard,uses three grouped presentation stages with confirmation and an in-page success state,lulus,2.20
482,dokumen,tests/unit/dokumen/ajukan-dokumen-parity-source.test.ts,Phase 15L.1 Ajukan Dokumen parity source guard,keeps the visual parity pass bounded to response-backed Ajukan presentation,lulus,0.95
483,dokumen,tests/unit/dokumen/ajukan-dokumen-parity-source.test.ts,Phase 15L.1 Ajukan Dokumen parity source guard,keeps Step 1 visually direct without nested grouped-section cards,lulus,0.97
484,dokumen,tests/unit/dokumen/ajukan-dokumen-parity-source.test.ts,Phase 15L.1 Ajukan Dokumen parity source guard,"RP-04: keeps Komponen/Nama Dokumen sections mounted (hidden, not unmounted) on characteristic toggle",lulus,0.59
485,dokumen,tests/unit/dokumen/ajukan-dokumen-parity-source.test.ts,Phase 15L.1 Ajukan Dokumen parity source guard,keeps Step 2 compact and restores a compact grouped Step 3 with a page-local warm palette,lulus,1.42
486,dokumen,tests/unit/dokumen/ajukan-dokumen-parity-source.test.ts,Phase 15L.1 Ajukan Dokumen parity source guard,preserves the submit endpoint and business payload identifiers,lulus,0.40
487,dokumen,tests/unit/dokumen/ajukan-dokumen-parity-source.test.ts,Phase 15L.1 Ajukan Dokumen parity source guard,mirrors the Revisi-style pending upload row and Ajukan unsaved guard without backend changes,lulus,1.00
488,dokumen,tests/unit/dokumen/ajukan-dokumen-parity-source.test.ts,Phase 15L.1 Ajukan Dokumen parity source guard,does not introduce forbidden Ajukan terminology or features,lulus,0.40
489,dokumen,tests/unit/dokumen/ajukan-pending-cleanup-source.test.ts,Ajukan Dokumen pending upload cleanup,"uses the shared cleanup client, session helper and leave hook",lulus,2.89
490,dokumen,tests/unit/dokumen/ajukan-pending-cleanup-source.test.ts,Ajukan Dokumen pending upload cleanup,cleans replaced or removed lampiran as soon as the checklist drops them,lulus,0.53
491,dokumen,tests/unit/dokumen/ajukan-pending-cleanup-source.test.ts,Ajukan Dokumen pending upload cleanup,stops tracking once the files were formalized by a successful submit,lulus,0.34
492,dokumen,tests/unit/dokumen/ajukan-pending-cleanup-source.test.ts,"AttachmentEditor pending upload cleanup (Edit Non-Material, Revisi Pegawai, Revisi PPK)",discards this session's pending uploads when the page is left without saving,lulus,0.36
493,dokumen,tests/unit/dokumen/ajukan-pending-cleanup-source.test.ts,"AttachmentEditor pending upload cleanup (Edit Non-Material, Revisi Pegawai, Revisi PPK)",goes through the shared cleanup client instead of its own fetch,lulus,0.41
494,dokumen,tests/unit/dokumen/ajukan-pending-cleanup-source.test.ts,"AttachmentEditor pending upload cleanup (Edit Non-Material, Revisi Pegawai, Revisi PPK)",still clears tracking after save and cancel so persisted files are never discarded,lulus,0.31
495,dokumen,tests/unit/dokumen/ajukan-pending-cleanup-source.test.ts,Penambahan Arsip (KSBU) uses the same pending pattern,uploads each lampiran to the pending area as soon as it is picked,lulus,0.20
496,dokumen,tests/unit/dokumen/ajukan-pending-cleanup-source.test.ts,Penambahan Arsip (KSBU) uses the same pending pattern,sends the pending paths with the create request instead of a second upload request,lulus,0.27
497,dokumen,tests/unit/dokumen/ajukan-pending-cleanup-source.test.ts,Penambahan Arsip (KSBU) uses the same pending pattern,discards abandoned pending uploads: replaced/removed rows and leaving the form,lulus,0.25
498,dokumen,tests/unit/dokumen/ajukan-pending-cleanup-source.test.ts,Penambahan Arsip (KSBU) uses the same pending pattern,stops tracking once the create request succeeded,lulus,0.32
499,dokumen,tests/unit/dokumen/cross-role-detail-parity-source.test.ts,Phase 15L.3B cross-role document detail visual parity source guard,keeps the three document detail pages on the same compact tabbed detail shell,lulus,3.30
500,dokumen,tests/unit/dokumen/cross-role-detail-parity-source.test.ts,Phase 15L.3B cross-role document detail visual parity source guard,"preserves role-specific fetch, mutation, preview, and navigation boundaries",lulus,0.85
501,dokumen,tests/unit/dokumen/cross-role-detail-parity-source.test.ts,Phase 15L.3B cross-role document detail visual parity source guard,keeps user-facing PPSPM terminology while preserving the internal ppspm namespace,lulus,0.32
502,dokumen,tests/unit/dokumen/cross-role-detail-parity-source.test.ts,Phase 15L.3B cross-role document detail visual parity source guard,keeps detail rail actions ordered and uses browser history for return,lulus,0.53
503,dokumen,tests/unit/dokumen/cross-role-detail-parity-source.test.ts,Phase 15L.3B cross-role document detail visual parity source guard,keeps attachment viewer route-safe while applying the approved soft surface tone,lulus,0.50
504,dokumen,tests/unit/dokumen/cross-role-detail-parity-source.test.ts,Phase 15L.3B cross-role document detail visual parity source guard,"does not introduce backend, schema, package, archive-search, or prototype imports",lulus,0.72
505,dokumen,tests/unit/dokumen/cross-role-list-parity-source.test.ts,Phase 15L.3A cross-role document list visual parity source guard,keeps workflow list primitives aligned with the approved warm compact list pattern,lulus,2.88
506,dokumen,tests/unit/dokumen/cross-role-list-parity-source.test.ts,Phase 15L.3A cross-role document list visual parity source guard,aligns Pegawai document/revision mobile list actions and metadata cards,lulus,0.75
507,dokumen,tests/unit/dokumen/cross-role-list-parity-source.test.ts,Phase 15L.3A cross-role document list visual parity source guard,keeps Pegawai Dokumen Diajukan prototype-grade refinement local and revision-safe,lulus,0.46
508,dokumen,tests/unit/dokumen/cross-role-list-parity-source.test.ts,Phase 15L.3A cross-role document list visual parity source guard,keeps PPSPM inbox on the shared table component instead of a local raw table,lulus,0.29
509,dokumen,tests/unit/dokumen/cross-role-list-parity-source.test.ts,Phase 15L.3A cross-role document list visual parity source guard,uses row-level navigation and one chevron affordance across PPK/PPSPM lists,lulus,2.85
510,dokumen,tests/unit/dokumen/cross-role-list-parity-source.test.ts,Phase 15L.3A cross-role document list visual parity source guard,uses a neutral table header row while keeping body rows visually distinct,lulus,1.10
511,dokumen,tests/unit/dokumen/cross-role-list-parity-source.test.ts,Phase 15L.3A cross-role document list visual parity source guard,keeps rejected PPK/PPSPM list context visible without adding workflow transitions,lulus,0.64
512,dokumen,tests/unit/dokumen/cross-role-list-parity-source.test.ts,Phase 15L.3A cross-role document list visual parity source guard,keeps workflow list search and result count consistent without redundant fixed-status filters,lulus,2.89
513,dokumen,tests/unit/dokumen/cross-role-list-parity-source.test.ts,Phase 15L.3A cross-role document list visual parity source guard,does not introduce forbidden legacy or backend surfaces in touched list sources,lulus,1.13
514,dokumen,tests/unit/dokumen/dokumen-delete-audit-log.test.ts,DELETE /api/dokumen/$id -- hard delete audit trail,writes an audit.audit_log DOKUMEN_DIHAPUS_PERMANEN snapshot before deleting the row,lulus,18.74
515,dokumen,tests/unit/dokumen/dokumen-delete-audit-log.test.ts,DELETE /api/dokumen/$id -- hard delete audit trail,rejects deletion (and writes no audit row) for a document that is not pure non-material TERSIMPAN,lulus,2.30
516,dokumen,tests/unit/dokumen/dokumen-get-ketua-tim-access.test.ts,GET /api/dokumen/$id -- ketua tim read access to non-material documents,"allows the document owner (existing behavior, no assignment lookup needed)",lulus,16.32
517,dokumen,tests/unit/dokumen/dokumen-get-ketua-tim-access.test.ts,GET /api/dokumen/$id -- ketua tim read access to non-material documents,rejects a PEGAWAI who neither owns the document nor leads its kegiatan,lulus,2.44
518,dokumen,tests/unit/dokumen/dokumen-get-ketua-tim-access.test.ts,GET /api/dokumen/$id -- ketua tim read access to non-material documents,"allows a ketua tim of the document's own kegiatan to read it, even when cleaned",lulus,4.15
519,dokumen,tests/unit/dokumen/dokumen-get-ketua-tim-access.test.ts,GET /api/dokumen/$id -- ketua tim read access to non-material documents,"allows a ketua tim who ALSO holds another role (PPK) -- role branches must grant, not deny",lulus,2.09
520,dokumen,tests/unit/dokumen/dokumen-get-ketua-tim-access.test.ts,GET /api/dokumen/$id -- ketua tim read access to non-material documents,still lets PPK read a document in PPK-visible status without a ketua-tim assignment,lulus,2.01
521,dokumen,tests/unit/dokumen/dokumen-get-ketua-tim-access.test.ts,GET /api/dokumen/$id -- ketua tim read access to non-material documents,rejects a ketua tim who leads a different kegiatan than the document's,lulus,2.68
522,dokumen,tests/unit/dokumen/dokumen-get-ketua-tim-access.test.ts,GET /api/dokumen/$id -- ketua tim read access to non-material documents,lets a ketua tim read an in-progress document (Monitoring Dokumen Tim),lulus,1.82
523,dokumen,tests/unit/dokumen/dokumen-get-ketua-tim-access.test.ts,GET /api/dokumen/$id -- ketua tim read access to non-material documents,"rejects a ketua tim on a DRAFT document -- not submitted yet, still private to the owner",lulus,1.34
524,dokumen,tests/unit/dokumen/dokumen-get-ketua-tim-access.test.ts,GET /api/dokumen/$id -- PJ Kinerja read access (Laporan Kinerja detail),"lets PJ Kinerja read a final document without a ketua-tim lookup ({ status: 'COMPLETED', is_non_material: false, lampiran_dibersihkan_at: null })",lulus,2.03
525,dokumen,tests/unit/dokumen/dokumen-get-ketua-tim-access.test.ts,GET /api/dokumen/$id -- PJ Kinerja read access (Laporan Kinerja detail),"lets PJ Kinerja read a final document without a ketua-tim lookup ({ status: 'TERSIMPAN', is_non_material: true, lampiran_dibersihkan_at: null })",lulus,1.47
526,dokumen,tests/unit/dokumen/dokumen-get-ketua-tim-access.test.ts,GET /api/dokumen/$id -- PJ Kinerja read access (Laporan Kinerja detail),rejects PJ Kinerja on a non-final DRAFT document,lulus,2.24
527,dokumen,tests/unit/dokumen/dokumen-get-ketua-tim-access.test.ts,GET /api/dokumen/$id -- PJ Kinerja read access (Laporan Kinerja detail),rejects PJ Kinerja on a non-final IN_PPK_VALIDATION document,lulus,2.21
528,dokumen,tests/unit/dokumen/dokumen-get-ketua-tim-access.test.ts,GET /api/dokumen/$id -- PJ Kinerja read access (Laporan Kinerja detail),rejects PJ Kinerja on a non-final NEED_REVISION document,lulus,1.15
529,dokumen,tests/unit/dokumen/dokumen-get-ketua-tim-access.test.ts,GET /api/dokumen/$id -- PJ Kinerja read access (Laporan Kinerja detail),"flags berkas_dimusnahkan from the berkas that holds the document (D-29), never from lampiran cleanup",lulus,3.51
530,dokumen,tests/unit/dokumen/dokumen-patch-route.test.ts,PATCH /api/dokumen/$id — only UI-used fields accepted (D-24),rejects unrecognized field kegiatanId before reading the document,lulus,12.38
531,dokumen,tests/unit/dokumen/dokumen-patch-route.test.ts,PATCH /api/dokumen/$id — only UI-used fields accepted (D-24),rejects unrecognized field fungsiId before reading the document,lulus,1.87
532,dokumen,tests/unit/dokumen/dokumen-patch-route.test.ts,PATCH /api/dokumen/$id — only UI-used fields accepted (D-24),rejects unrecognized field komponenId before reading the document,lulus,1.85
533,dokumen,tests/unit/dokumen/dokumen-patch-route.test.ts,PATCH /api/dokumen/$id — only UI-used fields accepted (D-24),rejects unrecognized field jenisPermintaanId before reading the document,lulus,1.83
534,dokumen,tests/unit/dokumen/dokumen-patch-route.test.ts,PATCH /api/dokumen/$id — only UI-used fields accepted (D-24),rejects unrecognized field kategoriPermintaanId before reading the document,lulus,1.65
535,dokumen,tests/unit/dokumen/dokumen-patch-route.test.ts,PATCH /api/dokumen/$id — only UI-used fields accepted (D-24),rejects unrecognized field detailPermintaanId before reading the document,lulus,1.29
536,dokumen,tests/unit/dokumen/dokumen-patch-route.test.ts,PATCH /api/dokumen/$id — only UI-used fields accepted (D-24),rejects unrecognized field tahun before reading the document,lulus,1.73
537,dokumen,tests/unit/dokumen/dokumen-patch-route.test.ts,PATCH /api/dokumen/$id — only UI-used fields accepted (D-24),rejects unrecognized field tanggal before reading the document,lulus,1.13
538,dokumen,tests/unit/dokumen/dokumen-patch-route.test.ts,PATCH /api/dokumen/$id — only UI-used fields accepted (D-24),rejects unrecognized field judul before reading the document,lulus,1.31
539,dokumen,tests/unit/dokumen/dokumen-patch-route.test.ts,PATCH /api/dokumen/$id — only UI-used fields accepted (D-24),accepts the fields the UI actually sends together,lulus,5.22
540,dokumen,tests/unit/dokumen/dokumen-patch-route.test.ts,PATCH /api/dokumen/$id — only UI-used fields accepted (D-24),never sets is_ketua_tim from a PATCH,lulus,3.08
541,dokumen,tests/unit/dokumen/dokumen-patch-route.test.ts,PATCH /api/dokumen/$id — nominal follows the SUBMIT rule (D-2),rejects Material nominal 0,lulus,2.64
542,dokumen,tests/unit/dokumen/dokumen-patch-route.test.ts,PATCH /api/dokumen/$id — nominal follows the SUBMIT rule (D-2),rejects Material nominal null,lulus,1.40
543,dokumen,tests/unit/dokumen/dokumen-patch-route.test.ts,PATCH /api/dokumen/$id — nominal follows the SUBMIT rule (D-2),accepts a positive Material nominal,lulus,3.79
544,dokumen,tests/unit/dokumen/dokumen-patch-route.test.ts,PATCH /api/dokumen/$id — nominal follows the SUBMIT rule (D-2),rejects any nominal (0) on a Non-Material document,lulus,1.54
545,dokumen,tests/unit/dokumen/dokumen-patch-route.test.ts,PATCH /api/dokumen/$id — nominal follows the SUBMIT rule (D-2),rejects any nominal (a positive value) on a Non-Material document,lulus,1.13
546,dokumen,tests/unit/dokumen/dokumen-patch-route.test.ts,PATCH /api/dokumen/$id — nominal follows the SUBMIT rule (D-2),rejects any nominal (null) on a Non-Material document,lulus,1.36
547,dokumen,tests/unit/dokumen/dokumen-patch-route.test.ts,PATCH /api/dokumen/$id — nominal follows the SUBMIT rule (D-2),keeps Material metadata locked once COMPLETED,lulus,2.00
548,dokumen,tests/unit/dokumen/dokumen-transition-guards-route.test.ts,PPSPM approve — atomic double-approval guard,updates only while the row is still IN_PPSPM_APPROVAL and logs after the update,lulus,16.41
549,dokumen,tests/unit/dokumen/dokumen-transition-guards-route.test.ts,PPSPM approve — atomic double-approval guard,returns 409 and writes no log when a concurrent approval already moved the row,lulus,2.28
550,dokumen,tests/unit/dokumen/dokumen-transition-guards-route.test.ts,other transitions reuse the conditional-update pattern,PPK approve: guards on the source status and answers 409 on a lost race,lulus,2.14
551,dokumen,tests/unit/dokumen/dokumen-transition-guards-route.test.ts,other transitions reuse the conditional-update pattern,PPK reject: guards on the source status and answers 409 on a lost race,lulus,2.57
552,dokumen,tests/unit/dokumen/dokumen-transition-guards-route.test.ts,other transitions reuse the conditional-update pattern,PPSPM reject: guards on the source status and answers 409 on a lost race,lulus,2.47
553,dokumen,tests/unit/dokumen/dokumen-transition-guards-route.test.ts,PPK kembalikan — keeps the PPSPM rejection reason,appends the PPSPM reason to the automatic note the Pegawai reads,lulus,1.94
554,dokumen,tests/unit/dokumen/dokumen-transition-guards-route.test.ts,PPK kembalikan — keeps the PPSPM rejection reason,falls back to the plain automatic note when no PPSPM reason is stored,lulus,1.22
555,dokumen,tests/unit/dokumen/dokumen-transition-guards-route.test.ts,PPK kembalikan — keeps the PPSPM rejection reason,rejects with 400 and no write when revision_target USER,lulus,1.72
556,dokumen,tests/unit/dokumen/dokumen-transition-guards-route.test.ts,PPK kembalikan — keeps the PPSPM rejection reason,rejects with 400 and no write when revision_target null,lulus,1.14
557,dokumen,tests/unit/dokumen/dokumen-transition-guards-route.test.ts,PPK kembalikan — keeps the PPSPM rejection reason,rejects with 400 and no write when status IN_PPK_VALIDATION,lulus,1.47
558,dokumen,tests/unit/dokumen/dokumen-transition-guards-route.test.ts,PPK kembalikan — keeps the PPSPM rejection reason,rejects PEGAWAI with 403,lulus,0.73
559,dokumen,tests/unit/dokumen/dokumen-transition-guards-route.test.ts,PPK kembalikan — keeps the PPSPM rejection reason,rejects PPSPM with 403,lulus,0.54
560,dokumen,tests/unit/dokumen/dokumen-transition-guards-route.test.ts,PPK kembalikan — keeps the PPSPM rejection reason,rejects KEPALA_SUB_BAGIAN_UMUM with 403,lulus,0.58
561,dokumen,tests/unit/dokumen/dokumen-transition-guards-route.test.ts,PPK kembalikan — keeps the PPSPM rejection reason,returns 409 when the document left NEED_REVISION/PPK concurrently,lulus,0.99
562,dokumen,tests/unit/dokumen/dokumen-transition-guards-route.test.ts,Pegawai RESUBMIT — same rules as SUBMIT,rejects a Material resubmit with nominal 0,lulus,2.42
563,dokumen,tests/unit/dokumen/dokumen-transition-guards-route.test.ts,Pegawai RESUBMIT — same rules as SUBMIT,rejects a resubmit whose required kelengkapan (exact six-column match) is missing,lulus,2.41
564,dokumen,tests/unit/dokumen/dokumen-transition-guards-route.test.ts,Pegawai RESUBMIT — same rules as SUBMIT,"rejects a resubmit with zero lampiran, same rule as SUBMIT",lulus,1.07
565,dokumen,tests/unit/dokumen/dokumen-transition-guards-route.test.ts,Pegawai RESUBMIT — same rules as SUBMIT,"resubmits when the rules pass, clears revision_notes and guards on NEED_REVISION/USER",lulus,2.05
566,dokumen,tests/unit/dokumen/dokumen-transition-guards-route.test.ts,Pegawai RESUBMIT — same rules as SUBMIT,returns 409 and writes no log when the document changed concurrently,lulus,1.71
567,dokumen,tests/unit/dokumen/dokumen-transition-guards-route.test.ts,"PPK RESUBMIT_PPK — Zod always, same rules as SUBMIT",POST validates the body even without lampiranUrls,lulus,4.64
568,dokumen,tests/unit/dokumen/dokumen-transition-guards-route.test.ts,"PPK RESUBMIT_PPK — Zod always, same rules as SUBMIT",PATCH validates the body even without lampiranUrls,lulus,2.61
569,dokumen,tests/unit/dokumen/dokumen-transition-guards-route.test.ts,"PPK RESUBMIT_PPK — Zod always, same rules as SUBMIT",PATCH rejects nominal 0 on Material before touching files or the row,lulus,1.27
570,dokumen,tests/unit/dokumen/dokumen-transition-guards-route.test.ts,"PPK RESUBMIT_PPK — Zod always, same rules as SUBMIT",PATCH rejects nominal null on Material before touching files or the row,lulus,1.02
571,dokumen,tests/unit/dokumen/dokumen-transition-guards-route.test.ts,"PPK RESUBMIT_PPK — Zod always, same rules as SUBMIT",PATCH rejects nominal any value on Non-Material before touching files or the row,lulus,0.96
572,dokumen,tests/unit/dokumen/dokumen-transition-guards-route.test.ts,"PPK RESUBMIT_PPK — Zod always, same rules as SUBMIT","still accepts an empty body as ""no changes""",lulus,1.97
573,dokumen,tests/unit/dokumen/dokumen-transition-guards-route.test.ts,"PPK RESUBMIT_PPK — Zod always, same rules as SUBMIT",rejects nominal 0 sent with the resubmit,lulus,1.22
574,dokumen,tests/unit/dokumen/dokumen-transition-guards-route.test.ts,"PPK RESUBMIT_PPK — Zod always, same rules as SUBMIT",rejects a resubmit whose lampiran would miss a required kelengkapan,lulus,1.97
575,dokumen,tests/unit/dokumen/dokumen-transition-guards-route.test.ts,"PPK RESUBMIT_PPK — Zod always, same rules as SUBMIT","rejects a resubmit with zero lampiran, same rule as SUBMIT",lulus,1.64
576,dokumen,tests/unit/dokumen/dokumen-transition-guards-route.test.ts,"PPK RESUBMIT_PPK — Zod always, same rules as SUBMIT",rejects a resubmit whose new lampiranUrls is sent explicitly empty,lulus,2.35
577,dokumen,tests/unit/dokumen/dokumen-transition-guards-route.test.ts,"PPK RESUBMIT_PPK — Zod always, same rules as SUBMIT","goes straight to IN_PPSPM_APPROVAL, clears revision_notes and guards on NEED_REVISION/PPK",lulus,2.99
578,dokumen,tests/unit/dokumen/dokumen-transition-guards-route.test.ts,"PPK RESUBMIT_PPK — Zod always, same rules as SUBMIT",returns 409 when the document left NEED_REVISION/PPK concurrently,lulus,2.55
579,dokumen,tests/unit/dokumen/dokumen-transition-guards-route.test.ts,"PPK RESUBMIT_PPK — Zod always, same rules as SUBMIT > with replacement lampiran moved from pending",commits with the formal paths and keeps the files when the transaction succeeds,lulus,2.95
580,dokumen,tests/unit/dokumen/dokumen-transition-guards-route.test.ts,"PPK RESUBMIT_PPK — Zod always, same rules as SUBMIT > with replacement lampiran moved from pending",returns moved files to pending and writes no log when the transaction fails,lulus,2.75
581,dokumen,tests/unit/dokumen/dokumen-transition-guards-route.test.ts,"PPK RESUBMIT_PPK — Zod always, same rules as SUBMIT > with replacement lampiran moved from pending",returns moved files to pending on a lost race (409),lulus,3.27
582,dokumen,tests/unit/dokumen/karakteristik-label-source.test.ts,Karakteristik label,src/routes/pegawai/dokumen/$id/revisi.tsx labels the success summary Karakteristik,lulus,2.01
583,dokumen,tests/unit/dokumen/karakteristik-label-source.test.ts,Karakteristik label,src/routes/ppk/dokumen/$id/resubmit.tsx labels the success summary Karakteristik,lulus,0.61
584,dokumen,tests/unit/dokumen/karakteristik-label-source.test.ts,Karakteristik label,"aju.tsx confirmation text says karakteristik, not jenis dokumen",lulus,1.01
585,dokumen,tests/unit/dokumen/kelengkapan-match.test.ts,matchesKelengkapanSelection,matches the exact six-column combination,lulus,2.08
586,dokumen,tests/unit/dokumen/kelengkapan-match.test.ts,matchesKelengkapanSelection,rejects a row that differs in kegiatan,lulus,0.43
587,dokumen,tests/unit/dokumen/kelengkapan-match.test.ts,matchesKelengkapanSelection,rejects a row that differs in is_ketua_tim,lulus,0.22
588,dokumen,tests/unit/dokumen/kelengkapan-match.test.ts,matchesKelengkapanSelection,rejects a row that differs in komponen,lulus,0.19
589,dokumen,tests/unit/dokumen/kelengkapan-match.test.ts,matchesKelengkapanSelection,rejects a row that differs in jenis,lulus,0.18
590,dokumen,tests/unit/dokumen/kelengkapan-match.test.ts,matchesKelengkapanSelection,rejects a row that differs in kategori,lulus,0.19
591,dokumen,tests/unit/dokumen/kelengkapan-match.test.ts,matchesKelengkapanSelection,does not inherit parent-level rows (unselected level must be NULL),lulus,0.27
592,dokumen,tests/unit/dokumen/kelengkapan-match.test.ts,matchesKelengkapanSelection,does not match a detail-level row when the document stops at kategori,lulus,0.14
593,dokumen,tests/unit/dokumen/kelengkapan-match.test.ts,matchesKelengkapanSelection,matches a detail-level row only through all six columns (old chain match checked detail alone),lulus,0.35
594,dokumen,tests/unit/dokumen/kelengkapan-match.test.ts,matchesKelengkapanSelection,an empty chain matches only rows whose four chain columns are NULL (old chain match returned every row),lulus,0.32
595,dokumen,tests/unit/dokumen/kelengkapan-match.test.ts,matchesKelengkapanSelection,treats undefined and empty string as NULL,lulus,0.17
596,dokumen,tests/unit/dokumen/kelengkapan-match.test.ts,matchesKelengkapanSelection,"builds the selection from a stored dokumen row, including komponen",lulus,0.80
597,dokumen,tests/unit/dokumen/kelengkapan-match.test.ts,matchesKelengkapanSelection,uses the same six columns as the server SQL condition,lulus,2.86
598,dokumen,tests/unit/dokumen/kelengkapan-match.test.ts,checklist pages use the shared matcher,src/routes/pegawai/dokumen/$id/revisi.tsx,lulus,1.94
599,dokumen,tests/unit/dokumen/kelengkapan-match.test.ts,checklist pages use the shared matcher,src/routes/ppk/dokumen/$id/resubmit.tsx,lulus,1.40
600,dokumen,tests/unit/dokumen/kelengkapan-match.test.ts,checklist pages use the shared matcher,src/components/dokumen/KelengkapanChecklist.tsx,lulus,2.01
601,dokumen,tests/unit/dokumen/kelengkapan-match.test.ts,checklist pages use the shared matcher,PPK resubmit GET returns komponen_id so the PPK page can match komponen,lulus,0.72
602,dokumen,tests/unit/dokumen/legacy-draft-submit-removal-source.test.ts,legacy DRAFT create/submit path is removed,keeps GET /api/dokumen but no longer exposes POST (create DRAFT),lulus,1.90
603,dokumen,tests/unit/dokumen/legacy-draft-submit-removal-source.test.ts,legacy DRAFT create/submit path is removed,only accepts the Pegawai RESUBMIT path in POST /api/dokumen/$id/submit,lulus,0.61
604,dokumen,tests/unit/dokumen/local-submit-drizzle-adapter.test.ts,local submit Drizzle adapter foundation,can be imported without constructing the live database client,lulus,1.64
605,dokumen,tests/unit/dokumen/local-submit-drizzle-adapter.test.ts,local submit Drizzle adapter foundation,maps submit read methods to the narrow local schema tables,lulus,3.46
606,dokumen,tests/unit/dokumen/local-submit-drizzle-adapter.test.ts,local submit Drizzle adapter foundation,implements the submit transaction adapter with Drizzle-shaped insert/update/insert calls,lulus,6.06
607,dokumen,tests/unit/dokumen/local-submit-drizzle-adapter.test.ts,local submit Drizzle adapter foundation,keeps log_aktivitas append-only by exposing insert and no update/delete behavior,lulus,3.34
608,dokumen,tests/unit/dokumen/local-submit-drizzle-adapter.test.ts,local submit Drizzle adapter foundation,throws a bounded repository-level error when status update returns no row,lulus,3.08
609,dokumen,tests/unit/dokumen/local-submit-drizzle-adapter.test.ts,local submit Drizzle adapter foundation,does not connect to PostgreSQL when fake Drizzle chains are used,lulus,2.62
610,dokumen,tests/unit/dokumen/local-submit-drizzle-adapter.test.ts,local submit Drizzle adapter foundation,exposes a typed adapter error without sensitive data,lulus,0.42
611,dokumen,tests/unit/dokumen/local-submit-drizzle-adapter.test.ts,"required kelengkapan exact-match (six columns, same rule as the client checklist)",returns only the kelengkapan of the selected komponen when two komponen share the same permintaan chain,lulus,2.71
612,dokumen,tests/unit/dokumen/local-submit-drizzle-adapter.test.ts,"required kelengkapan exact-match (six columns, same rule as the client checklist)",treats an unselected level as NULL instead of ignoring it,lulus,1.09
613,dokumen,tests/unit/dokumen/local-submit-drizzle-adapter.test.ts,"required kelengkapan exact-match (six columns, same rule as the client checklist)",still separates ketua tim and anggota kelengkapan,lulus,0.67
614,dokumen,tests/unit/dokumen/local-submit-drizzle-adapter.test.ts,"required kelengkapan exact-match (six columns, same rule as the client checklist)",constrains all six columns in the generated SQL,lulus,0.72
615,dokumen,tests/unit/dokumen/local-submit-repository.test.ts,local submit repository foundation,documents the narrow submit schema responsibility surface,lulus,2.17
616,dokumen,tests/unit/dokumen/local-submit-repository.test.ts,local submit repository foundation,maps bridge payload names to local Drizzle-shaped document insert names,lulus,2.56
617,dokumen,tests/unit/dokumen/local-submit-repository.test.ts,local submit repository foundation,maps status update and audit payloads to local update/insert shapes,lulus,0.99
618,dokumen,tests/unit/dokumen/local-submit-repository.test.ts,local submit repository foundation,maps local Drizzle-like dokumen rows back to current response-compatible names,lulus,1.45
619,dokumen,tests/unit/dokumen/local-submit-repository.test.ts,local submit repository foundation,adapts master reads and write transaction operations through a fake adapter only,lulus,3.75
620,dokumen,tests/unit/dokumen/local-submit-write-bridge.test.ts,local submit write bridge helper foundation,derives a local submit actor and fails closed for incompatible actors,lulus,3.09
621,dokumen,tests/unit/dokumen/local-submit-write-bridge.test.ts,local submit write bridge helper foundation,"prepares material submit master-data, document, transition, and audit shapes",lulus,6.61
622,dokumen,tests/unit/dokumen/local-submit-write-bridge.test.ts,local submit write bridge helper foundation,prepares non-material shortcut without required kelengkapan reads when no chain is supplied,lulus,1.07
623,dokumen,tests/unit/dokumen/local-submit-write-bridge.test.ts,local submit write bridge helper foundation,fails preparation before write payload creation for required lampiran and Ketua Tim violations,lulus,0.98
624,dokumen,tests/unit/dokumen/local-submit-write-bridge.test.ts,local submit write bridge helper foundation,uses the server-side Ketua Tim assignment when the client claims Anggota,lulus,1.07
625,dokumen,tests/unit/dokumen/local-submit-write-bridge.test.ts,local submit write bridge helper foundation,keeps Anggota when the pengaju has no Ketua Tim assignment,lulus,0.71
626,dokumen,tests/unit/dokumen/local-submit-write-bridge.test.ts,local submit write bridge helper foundation,"resolves material leaf names by detail, kategori, jenis, then fallback",lulus,1.58
627,dokumen,tests/unit/dokumen/local-submit-write-bridge.test.ts,local submit write bridge helper foundation,"executes create, status update, and append-only audit inside the repository transaction boundary",lulus,1.42
628,dokumen,tests/unit/dokumen/local-submit-write-bridge.test.ts,local submit write bridge helper foundation,keeps write failures transaction-scoped and does not append audit after status failure,lulus,1.69
629,dokumen,tests/unit/dokumen/master-data-read-requires-session.test.ts,master-data GET endpoints require a session (D-23),master-fungsi returns 401 and reads nothing without a session,lulus,1260.32
630,dokumen,tests/unit/dokumen/master-data-read-requires-session.test.ts,master-data GET endpoints require a session (D-23),master-kegiatan returns 401 and reads nothing without a session,lulus,43.69
631,dokumen,tests/unit/dokumen/master-data-read-requires-session.test.ts,master-data GET endpoints require a session (D-23),master-komponen returns 401 and reads nothing without a session,lulus,29.76
632,dokumen,tests/unit/dokumen/master-data-read-requires-session.test.ts,master-data GET endpoints require a session (D-23),master-komponen/$id returns 401 and reads nothing without a session,lulus,27.00
633,dokumen,tests/unit/dokumen/master-data-read-requires-session.test.ts,master-data GET endpoints require a session (D-23),master-jenis returns 401 and reads nothing without a session,lulus,24.90
634,dokumen,tests/unit/dokumen/master-data-read-requires-session.test.ts,master-data GET endpoints require a session (D-23),master-jenis/$id returns 401 and reads nothing without a session,lulus,32.00
635,dokumen,tests/unit/dokumen/master-data-read-requires-session.test.ts,master-data GET endpoints require a session (D-23),master-kategori returns 401 and reads nothing without a session,lulus,23.30
636,dokumen,tests/unit/dokumen/master-data-read-requires-session.test.ts,master-data GET endpoints require a session (D-23),master-kategori/$id returns 401 and reads nothing without a session,lulus,21.83
637,dokumen,tests/unit/dokumen/master-data-read-requires-session.test.ts,master-data GET endpoints require a session (D-23),master-detail returns 401 and reads nothing without a session,lulus,23.11
638,dokumen,tests/unit/dokumen/master-data-read-requires-session.test.ts,master-data GET endpoints require a session (D-23),master-detail/$id returns 401 and reads nothing without a session,lulus,28.52
639,dokumen,tests/unit/dokumen/master-data-read-requires-session.test.ts,master-data GET endpoints require a session (D-23),master-kelengkapan returns 401 and reads nothing without a session,lulus,79.82
640,dokumen,tests/unit/dokumen/master-data-read-requires-session.test.ts,master-data GET endpoints require a session (D-23),master-fungsi reads normally for any authenticated role,lulus,2.91
641,dokumen,tests/unit/dokumen/master-data-read-requires-session.test.ts,master-data GET endpoints require a session (D-23),master-kegiatan reads normally for any authenticated role,lulus,2.31
642,dokumen,tests/unit/dokumen/master-data-read-requires-session.test.ts,master-data GET endpoints require a session (D-23),master-komponen reads normally for any authenticated role,lulus,1.63
643,dokumen,tests/unit/dokumen/master-data-read-requires-session.test.ts,master-data GET endpoints require a session (D-23),master-komponen/$id reads normally for any authenticated role,lulus,1.87
644,dokumen,tests/unit/dokumen/master-data-read-requires-session.test.ts,master-data GET endpoints require a session (D-23),master-jenis reads normally for any authenticated role,lulus,1.59
645,dokumen,tests/unit/dokumen/master-data-read-requires-session.test.ts,master-data GET endpoints require a session (D-23),master-jenis/$id reads normally for any authenticated role,lulus,1.99
646,dokumen,tests/unit/dokumen/master-data-read-requires-session.test.ts,master-data GET endpoints require a session (D-23),master-kategori reads normally for any authenticated role,lulus,2.68
647,dokumen,tests/unit/dokumen/master-data-read-requires-session.test.ts,master-data GET endpoints require a session (D-23),master-kategori/$id reads normally for any authenticated role,lulus,1.58
648,dokumen,tests/unit/dokumen/master-data-read-requires-session.test.ts,master-data GET endpoints require a session (D-23),master-detail reads normally for any authenticated role,lulus,2.07
649,dokumen,tests/unit/dokumen/master-data-read-requires-session.test.ts,master-data GET endpoints require a session (D-23),master-detail/$id reads normally for any authenticated role,lulus,2.01
650,dokumen,tests/unit/dokumen/master-data-read-requires-session.test.ts,master-data GET endpoints require a session (D-23),master-kelengkapan reads normally for any authenticated role,lulus,1.66
651,dokumen,tests/unit/dokumen/pembersihan-aging.test.ts,computeDokumenAging,returns null umurHari and isStale=false when tanggal is missing,lulus,2.54
652,dokumen,tests/unit/dokumen/pembersihan-aging.test.ts,computeDokumenAging,"computes umurHari as a date-only difference, ignoring time-of-day",lulus,1.05
653,dokumen,tests/unit/dokumen/pembersihan-aging.test.ts,computeDokumenAging,"is not stale exactly at the threshold, but is stale just past it",lulus,0.68
654,dokumen,tests/unit/dokumen/pembersihan-aging.test.ts,computeDokumenAging,never returns a negative umurHari for future-dated documents,lulus,0.27
655,dokumen,tests/unit/dokumen/pembersihan-aging.test.ts,computeDokumenAging,accepts a custom staleDays threshold,lulus,0.23
656,dokumen,tests/unit/dokumen/pembersihan-plan.test.ts,buildPembersihanPlan,accepts a pure non-material TERSIMPAN document led by the actor,lulus,2.64
657,dokumen,tests/unit/dokumen/pembersihan-plan.test.ts,buildPembersihanPlan,rejects a document that is not in the fetched rows,lulus,0.51
658,dokumen,tests/unit/dokumen/pembersihan-plan.test.ts,buildPembersihanPlan,rejects material documents even when is_non_material is true but a permintaan chain is set,lulus,0.32
659,dokumen,tests/unit/dokumen/pembersihan-plan.test.ts,buildPembersihanPlan,rejects documents where is_non_material is false or null,lulus,0.39
660,dokumen,tests/unit/dokumen/pembersihan-plan.test.ts,buildPembersihanPlan,rejects documents not in TERSIMPAN status,lulus,0.34
661,dokumen,tests/unit/dokumen/pembersihan-plan.test.ts,buildPembersihanPlan,rejects documents from a kegiatan the actor does not lead,lulus,0.52
662,dokumen,tests/unit/dokumen/pembersihan-plan.test.ts,buildPembersihanPlan,skips (does not error on) documents already cleaned,lulus,0.43
663,dokumen,tests/unit/dokumen/pembersihan-plan.test.ts,buildPembersihanPlan,rejects documents that are somehow already part of a berkas arsip (safety net),lulus,0.33
664,dokumen,tests/unit/dokumen/pembersihan-plan.test.ts,buildPembersihanPlan,"evaluates a mixed batch independently, preserving request order",lulus,0.36
665,dokumen,tests/unit/dokumen/pembersihan-route.test.ts,POST /api/pembersihan-dokumen/bersihkan,returns 401 when unauthenticated,lulus,6.67
666,dokumen,tests/unit/dokumen/pembersihan-route.test.ts,POST /api/pembersihan-dokumen/bersihkan,returns 403 when the actor is not PEGAWAI,lulus,0.94
667,dokumen,tests/unit/dokumen/pembersihan-route.test.ts,POST /api/pembersihan-dokumen/bersihkan,returns 400 when the confirmation phrase is wrong,lulus,3.93
668,dokumen,tests/unit/dokumen/pembersihan-route.test.ts,POST /api/pembersihan-dokumen/bersihkan,returns 400 when dokumen_ids exceeds the batch limit,lulus,7.77
669,dokumen,tests/unit/dokumen/pembersihan-route.test.ts,POST /api/pembersihan-dokumen/bersihkan,returns 403 when the actor leads no kegiatan at all,lulus,5.72
670,dokumen,tests/unit/dokumen/pembersihan-route.test.ts,POST /api/pembersihan-dokumen/bersihkan,delegates to the service with the actor's kegiatan scope and returns its report,lulus,15.42
671,dokumen,tests/unit/dokumen/pembersihan-route.test.ts,POST /api/pembersihan-dokumen/bersihkan,never lets a partial storage/db failure bubble into a 500 from the service call itself,lulus,3.97
672,dokumen,tests/unit/dokumen/penambahan-dokumen-upload-source.test.ts,Phase 15L.7D.1 Penambahan Dokumen upload source guard,uses the central document/lampiran upload policy for manual attachments,lulus,2.87
673,dokumen,tests/unit/dokumen/penambahan-dokumen-upload-source.test.ts,Phase 15L.7D.1 Penambahan Dokumen upload source guard,uses warm inline validation presentation for normal file validation failures,lulus,0.71
674,dokumen,tests/unit/dokumen/penambahan-dokumen-upload-source.test.ts,Phase 15L.7D.1 Penambahan Dokumen upload source guard,"requires at least one lampiran on the client, same as the create schema",lulus,0.29
675,dokumen,tests/unit/dokumen/ppk-detail-and-log-route.test.ts,PPK detail and document log route UUID parity,allows an inbox-visible document id through the PPK detail lookup,lulus,15.01
676,dokumen,tests/unit/dokumen/ppk-detail-and-log-route.test.ts,PPK detail and document log route UUID parity,"returns empty logs, not 404, for an existing accessible document with zero activity rows",lulus,2.97
677,dokumen,tests/unit/dokumen/ppk-detail-and-log-route.test.ts,PPK detail and document log route UUID parity,allows the same valid document id through Ppspm detail lookup,lulus,3.40
678,dokumen,tests/unit/dokumen/ppk-detail-and-log-route.test.ts,PPK detail and document log route UUID parity,loads a COMPLETED document for Kepala Sub Bagian Umum detail without folder membership,lulus,3.28
679,dokumen,tests/unit/dokumen/ppk-detail-and-log-route.test.ts,PPK detail and document log route UUID parity,marks Kepala Sub Bagian Umum detail as classified from folder-first berkas item evidence,lulus,2.64
680,dokumen,tests/unit/dokumen/ppk-detail-and-log-route.test.ts,PPK detail and document log route UUID parity,keeps unauthenticated users out of Kepala Sub Bagian Umum detail lookup,lulus,1.33
681,dokumen,tests/unit/dokumen/ppk-detail-and-log-route.test.ts,PPK detail and document log route UUID parity,keeps ADMIN-only users out of Kepala Sub Bagian Umum detail lookup,lulus,0.94
682,dokumen,tests/unit/dokumen/ppk-resubmit-parity-source.test.ts,Phase 15L.2C PPK resubmit visual parity source guard,uses approved Revisi/Ajukan visual patterns on the PPK resubmit page,lulus,4.70
683,dokumen,tests/unit/dokumen/ppk-resubmit-parity-source.test.ts,Phase 15L.2C PPK resubmit visual parity source guard,"adds approved confirmation, success, toast, and unsaved guard patterns",lulus,1.07
684,dokumen,tests/unit/dokumen/ppk-resubmit-parity-source.test.ts,Phase 15L.2C PPK resubmit visual parity source guard,preserves PPK resubmit endpoint sequence and payload shape,lulus,0.82
685,dokumen,tests/unit/dokumen/ppk-resubmit-parity-source.test.ts,Phase 15L.2C PPK resubmit visual parity source guard,keeps AttachmentEditor as upload behavior authority,lulus,0.35
686,dokumen,tests/unit/dokumen/ppk-resubmit-parity-source.test.ts,Phase 15L.2C PPK resubmit visual parity source guard,does not introduce forbidden PPK resubmit behavior changes,lulus,0.43
687,dokumen,tests/unit/dokumen/resubmit-validation.test.ts,validateResubmitRequirements,reads the checklist with the exact six-column key of the document,lulus,4.38
688,dokumen,tests/unit/dokumen/resubmit-validation.test.ts,validateResubmitRequirements,rejects Material nominal 0 (must be > 0),lulus,0.66
689,dokumen,tests/unit/dokumen/resubmit-validation.test.ts,validateResubmitRequirements,rejects Material nominal 0.00 (must be > 0),lulus,0.36
690,dokumen,tests/unit/dokumen/resubmit-validation.test.ts,validateResubmitRequirements,rejects Material nominal null (must be > 0),lulus,0.26
691,dokumen,tests/unit/dokumen/resubmit-validation.test.ts,validateResubmitRequirements,rejects Material nominal -1 (must be > 0),lulus,0.22
692,dokumen,tests/unit/dokumen/resubmit-validation.test.ts,validateResubmitRequirements,"rejects a Material resubmit with zero lampiran, like SUBMIT (checkLampiranNotEmpty)",lulus,0.53
693,dokumen,tests/unit/dokumen/resubmit-validation.test.ts,validateResubmitRequirements,"rejects a Non-Material resubmit with zero lampiran, like SUBMIT (checkLampiranNotEmpty)",lulus,0.29
694,dokumen,tests/unit/dokumen/resubmit-validation.test.ts,validateResubmitRequirements,returns the same missing-kelengkapan message as the SUBMIT path,lulus,1.15
695,dokumen,tests/unit/dokumen/resubmit-validation.test.ts,validateResubmitRequirements,"skips nominal and checklist for Non-Material documents, like SUBMIT (still requires a lampiran)",lulus,0.75
696,dokumen,tests/unit/dokumen/resubmit-validation.test.ts,validateResubmitRequirements,"never re-verifies the Ketua Tim assignment on resubmit, even if it changed after submit",lulus,2.07
697,dokumen,tests/unit/dokumen/revisi-dokumen-parity-source.test.ts,Phase 15L.2 Revisi Dokumen parity source guard,uses sectioned Revisi presentation with review and history tabs,lulus,3.53
698,dokumen,tests/unit/dokumen/revisi-dokumen-parity-source.test.ts,Phase 15L.2 Revisi Dokumen parity source guard,"adds approved confirmation, success, toast, and unsaved guard patterns",lulus,0.89
699,dokumen,tests/unit/dokumen/revisi-dokumen-parity-source.test.ts,Phase 15L.2 Revisi Dokumen parity source guard,preserves Revisi endpoint sequence and payload shape,lulus,0.73
700,dokumen,tests/unit/dokumen/revisi-dokumen-parity-source.test.ts,Phase 15L.2 Revisi Dokumen parity source guard,keeps AttachmentEditor as upload behavior authority with only a pre-submit visual confirmation hook,lulus,0.91
701,dokumen,tests/unit/dokumen/revisi-dokumen-parity-source.test.ts,Phase 15L.2 Revisi Dokumen parity source guard,keeps compact Revisi attachment polish for reset and replace actions,lulus,0.65
702,dokumen,tests/unit/dokumen/revisi-dokumen-parity-source.test.ts,Phase 15L.2 Revisi Dokumen parity source guard,does not introduce forbidden Revisi terminology or protected behavior changes,lulus,0.53
703,dokumen,tests/unit/dokumen/submit-disk-preflight-checker.test.ts,submit disk preflight checker foundation,source exists returns true through an injected read-only adapter,lulus,5.67
704,dokumen,tests/unit/dokumen/submit-disk-preflight-checker.test.ts,submit disk preflight checker foundation,source missing returns false,lulus,2.00
705,dokumen,tests/unit/dokumen/submit-disk-preflight-checker.test.ts,submit disk preflight checker foundation,target available returns true when the target does not exist,lulus,1.71
706,dokumen,tests/unit/dokumen/submit-disk-preflight-checker.test.ts,submit disk preflight checker foundation,target already exists returns false,lulus,0.68
707,dokumen,tests/unit/dokumen/submit-disk-preflight-checker.test.ts,submit disk preflight checker foundation,unsafe logical paths return false without adapter calls or physical path exposure,lulus,1.45
708,dokumen,tests/unit/dokumen/submit-disk-preflight-checker.test.ts,submit disk preflight checker foundation,checker failures return false and safe code-only diagnostic results,lulus,0.90
709,dokumen,tests/unit/dokumen/submit-disk-preflight-checker.test.ts,submit disk preflight checker foundation,public checker methods accept logical paths only,lulus,0.66
710,dokumen,tests/unit/dokumen/submit-disk-preflight-checker.test.ts,submit disk preflight checker foundation,"public results do not expose roots, physical paths, tokens, links, or file content",lulus,0.61
711,dokumen,tests/unit/dokumen/submit-disk-preflight-checker.test.ts,submit disk preflight checker foundation,can be injected into submit file preflight for an ok move-required plan,lulus,4.09
712,dokumen,tests/unit/dokumen/submit-disk-preflight-checker.test.ts,submit disk preflight checker foundation,causes submit file preflight to fail closed when the source is missing,lulus,1.02
713,dokumen,tests/unit/dokumen/submit-disk-preflight-checker.test.ts,submit disk preflight checker foundation,causes submit file preflight to fail closed when the target already exists,lulus,0.60
714,dokumen,tests/unit/dokumen/submit-disk-preflight-checker.test.ts,submit disk preflight checker foundation,does not provide mutation operations to the read-only adapter,lulus,0.34
715,dokumen,tests/unit/dokumen/submit-disk-preflight-checker.test.ts,submit disk preflight checker foundation,"implementation strings avoid route, external storage, data-client, UI, and direct env markers",lulus,0.59
716,dokumen,tests/unit/dokumen/submit-file-move-transaction.test.ts,submit moves pending files inside the transaction (real filesystem),commits the dokumen and log and formalizes every file on success,lulus,65.03
717,dokumen,tests/unit/dokumen/submit-file-move-transaction.test.ts,submit moves pending files inside the transaction (real filesystem),commits nothing and leaves every file in pending when a move fails mid-way,lulus,36.54
718,dokumen,tests/unit/dokumen/submit-file-move-transaction.test.ts,submit moves pending files inside the transaction (real filesystem),puts moved files back in pending when the commit itself fails,lulus,35.51
719,dokumen,tests/unit/dokumen/submit-file-preflight.test.ts,submit file preflight helper foundation,returns ok for planned pending moves with existing sources and available targets,lulus,8.51
720,dokumen,tests/unit/dokumen/submit-file-preflight.test.ts,submit file preflight helper foundation,returns source-missing before any move when a planned source is unavailable,lulus,1.58
721,dokumen,tests/unit/dokumen/submit-file-preflight.test.ts,submit file preflight helper foundation,returns target-already-exists when a planned target is unavailable,lulus,1.50
722,dokumen,tests/unit/dokumen/submit-file-preflight.test.ts,submit file preflight helper foundation,preserves move-plan blocking issues and skips injected checks,lulus,1.21
723,dokumen,tests/unit/dokumen/submit-file-preflight.test.ts,submit file preflight helper foundation,fails preflight for owner mismatch and unsafe logical path issues from the move plan,lulus,1.10
724,dokumen,tests/unit/dokumen/submit-file-preflight.test.ts,submit file preflight helper foundation,keeps already formal attachments safe without an existence checker,lulus,0.64
725,dokumen,tests/unit/dokumen/submit-file-preflight.test.ts,submit file preflight helper foundation,converts checker failures to safe existence-check-failed issues,lulus,1.55
726,dokumen,tests/unit/dokumen/submit-file-preflight.test.ts,submit file preflight helper foundation,does not mutate the move plan or attachments,lulus,0.98
727,dokumen,tests/unit/dokumen/submit-file-preflight.test.ts,submit file preflight helper foundation,fails closed for move-required operations when no existence checker is injected,lulus,1.38
728,dokumen,tests/unit/dokumen/submit-file-preflight.test.ts,submit file preflight helper foundation,fails closed when only the source checker is injected,lulus,1.40
729,dokumen,tests/unit/dokumen/submit-file-preflight.test.ts,submit file preflight helper foundation,fails closed when only the target checker is injected,lulus,1.31
730,dokumen,tests/unit/dokumen/submit-route-parity.test.ts,/api/dokumen/submit local default parity,returns 400 Invalid JSON body for missing or malformed JSON bodies,lulus,9.84
731,dokumen,tests/unit/dokumen/submit-route-parity.test.ts,/api/dokumen/submit local default parity,returns 400 Validasi gagal with details for schema validation failure,lulus,5.44
732,dokumen,tests/unit/dokumen/submit-route-parity.test.ts,/api/dokumen/submit local default parity,returns 400 when material nominal_realisasi is missing or invalid,lulus,6.33
733,dokumen,tests/unit/dokumen/submit-route-parity.test.ts,/api/dokumen/submit local default parity,returns 400 when the workflow chain field required per characteristic is missing,lulus,2.97
734,dokumen,tests/unit/dokumen/submit-route-parity.test.ts,/api/dokumen/submit local default parity,uses the local default path and succeeds for formal/no-move material payload,lulus,6.31
735,dokumen,tests/unit/dokumen/submit-route-parity.test.ts,/api/dokumen/submit local default parity,uses the local default path and succeeds for move-required local pending payload after movement success,lulus,4.95
736,dokumen,tests/unit/dokumen/submit-route-parity.test.ts,/api/dokumen/submit local default parity,"moves pending files inside the submit transaction: after the audit log, before commit",lulus,2.89
737,dokumen,tests/unit/dokumen/submit-route-parity.test.ts,/api/dokumen/submit local default parity,uses the local default path and succeeds for non-material payload,lulus,1.91
738,dokumen,tests/unit/dokumen/submit-route-parity.test.ts,/api/dokumen/submit local default parity,keeps useLocalDbSubmit=true as a redundant alias for the same local path,lulus,1.93
739,dokumen,tests/unit/dokumen/submit-route-parity.test.ts,/api/dokumen/submit local default parity,returns 401 Unauthorized for default local submit without a local session,lulus,1.85
740,dokumen,tests/unit/dokumen/submit-route-parity.test.ts,/api/dokumen/submit local default parity,returns 403 for default local submit when the local actor is not PEGAWAI-compatible,lulus,3.47
741,dokumen,tests/unit/dokumen/submit-route-parity.test.ts,/api/dokumen/submit local default parity,returns controlled 400 before DB write when the local source is missing,lulus,3.05
742,dokumen,tests/unit/dokumen/submit-route-parity.test.ts,/api/dokumen/submit local default parity,names every affected lampiran in one Indonesian message when several sources are missing,lulus,3.56
743,dokumen,tests/unit/dokumen/submit-route-parity.test.ts,/api/dokumen/submit local default parity,returns controlled 400 before DB write when the target conflicts,lulus,4.56
744,dokumen,tests/unit/dokumen/submit-route-parity.test.ts,/api/dokumen/submit local default parity,returns safe 500 when the local DB transaction fails and does not move files,lulus,2.34
745,dokumen,tests/unit/dokumen/submit-route-parity.test.ts,/api/dokumen/submit local default parity,fails default local submit when audit insert fails inside the local transaction,lulus,1.87
746,dokumen,tests/unit/dokumen/submit-route-parity.test.ts,/api/dokumen/submit local default parity,"rolls the submit back when the file move fails: no committed row, clear error",lulus,2.19
747,dokumen,tests/unit/dokumen/submit-route-parity.test.ts,/api/dokumen/submit local default parity,returns already-moved files to pending when a later file move fails,lulus,3.64
748,dokumen,tests/unit/dokumen/submit-route-parity.test.ts,/api/dokumen/submit local default parity,returns moved files to pending when the commit itself fails after the move,lulus,2.99
749,dokumen,tests/unit/dokumen/submit-route-parity.test.ts,/api/dokumen/submit local default parity,does not echo unsafe logical paths in default local preflight failures,lulus,2.11
750,dokumen,tests/unit/dokumen/submit-route-parity.test.ts,/api/dokumen/submit local default parity,does not expose sensitive values in local default responses,lulus,1.79
751,dokumen,tests/unit/dokumen/submit-route-parity.test.ts,/api/dokumen/submit local default parity,ignores the removed useLocalAuthDryRun query param,lulus,2.11
752,dokumen,tests/unit/dokumen/submit-route-parity.test.ts,/api/dokumen/submit local default parity,ignores the removed useLocalPreflightDryRun query param,lulus,1.45
753,export,tests/unit/export/document-zip.test.ts,"buildZipPlan (pure, no filesystem)",produces folder + final file names unchanged for entries without collisions,lulus,6.15
754,export,tests/unit/export/document-zip.test.ts,"buildZipPlan (pure, no filesystem)","renders DAFTAR_ISI.txt text with timestamp, requester, source, included docs, and empty skip section",lulus,0.80
755,export,tests/unit/export/document-zip.test.ts,"buildZipPlan (pure, no filesystem)",builds RP-05 style flat folder structure and RP-02 style nested folder structure from the same contract,lulus,0.46
756,export,tests/unit/export/document-zip.test.ts,"buildZipPlan (pure, no filesystem)",builds WORKFLOW folder name with YYYY-MM-DD date prefix and 8-char id suffix,lulus,0.47
757,export,tests/unit/export/document-zip.test.ts,"buildZipPlan (pure, no filesystem)",builds MANUAL folder name with [Manual] prefix and 8-char id suffix,lulus,0.30
758,export,tests/unit/export/document-zip.test.ts,"buildZipPlan (pure, no filesystem)","builds the RP-02 parent folder name as ""<nomor spm> - <klasifikasi> - TA <tahun>""",lulus,0.30
759,export,tests/unit/export/document-zip.test.ts,"buildZipPlan (pure, no filesystem)","falls back to ""[Tanpa Nomor SPM]"" when nomorSpm is null or empty",lulus,0.15
760,export,tests/unit/export/document-zip.test.ts,"buildZipPlan (pure, no filesystem)","adds "" (2)"", "" (3)"" suffixes for duplicate namaAman within the same folder, in array order",lulus,0.26
761,export,tests/unit/export/document-zip.test.ts,"buildZipPlan (pure, no filesystem)","skips entries with no files, recording them as ""tanpa lampiran""",lulus,1.77
762,export,tests/unit/export/document-zip.test.ts,"buildZipPlan (pure, no filesystem)",sanitizes unsafe judul characters and falls back to a generic name when sanitization empties the segment,lulus,0.67
763,export,tests/unit/export/document-zip.test.ts,"buildZipPlan (pure, no filesystem)",throws DocumentZipTooManyEntriesError before doing anything else when entries.length > 500,lulus,1.61
764,export,tests/unit/export/document-zip.test.ts,"buildZipPlan (pure, no filesystem)","never includes logical path, physical path, storage root, or token substrings in DAFTAR_ISI.txt",lulus,0.64
765,export,tests/unit/export/document-zip.test.ts,"streamDocumentZip (thin I/O layer, temp directory)",returns a 200 application/zip Response with sanitized Content-Disposition and no-store cache control,lulus,35.25
766,export,tests/unit/export/document-zip.test.ts,"streamDocumentZip (thin I/O layer, temp directory)","skips a missing file (ENOENT) without throwing, and the ZIP still completes",lulus,8.79
767,export,tests/unit/export/document-zip.test.ts,"streamDocumentZip (thin I/O layer, temp directory)","skips a file larger than 250 MB via injected stat, recorded with the oversize reason",lulus,14.42
768,export,tests/unit/export/document-zip.test.ts,"streamDocumentZip (thin I/O layer, temp directory)","writes DAFTAR_ISI.txt as the first archive.append call, before any file entries",lulus,11.64
769,export,tests/unit/export/document-zip.test.ts,"streamDocumentZip (thin I/O layer, temp directory)",rejects entries.length > 500 before touching the filesystem at all,lulus,5.32
770,export,tests/unit/export/document-zip.test.ts,"streamDocumentZip (thin I/O layer, temp directory)","rejects when the archive emits a fatal error before any bytes are produced, instead of silently returning an empty ZIP",lulus,14.11
771,export,tests/unit/export/document-zip.test.ts,"streamDocumentZip (thin I/O layer, temp directory)","rejects a manipulated logicalPath (path traversal attempt) as a skip, not a thrown error or an out-of-root read",lulus,5.47
772,hooks,tests/unit/hooks/use-discard-pending-uploads-on-leave.test.ts,useDiscardPendingUploadsOnLeave,deletes the tracked pending uploads with keepalive when the form unmounts (in-app navigation),lulus,13.57
773,hooks,tests/unit/hooks/use-discard-pending-uploads-on-leave.test.ts,useDiscardPendingUploadsOnLeave,deletes them on pagehide (tab closed or reloaded) and not again on unmount,lulus,1.82
774,hooks,tests/unit/hooks/use-discard-pending-uploads-on-leave.test.ts,useDiscardPendingUploadsOnLeave,sends nothing when every upload was already saved or cancelled (tracking cleared),lulus,1.55
775,hooks,tests/unit/hooks/use-discard-pending-uploads-on-leave.test.ts,useDiscardPendingUploadsOnLeave,"reads the latest tracked uploads at leave time, not the ones present at mount",lulus,2.26
776,lainnya,tests/unit/kelengkapan-duplicate-validation.test.ts,kelengkapan duplicate validation,"normalizes names by trimming, collapsing spaces, and lowercasing",lulus,2.01
777,lainnya,tests/unit/kelengkapan-duplicate-validation.test.ts,kelengkapan duplicate validation,detects duplicate additional kelengkapan names with case and whitespace differences,lulus,0.60
778,lainnya,tests/unit/kelengkapan-duplicate-validation.test.ts,kelengkapan duplicate validation,does not treat master kelengkapan names as additional duplicates,lulus,0.48
779,lainnya,tests/unit/kelengkapan-duplicate-validation.test.ts,kelengkapan duplicate validation,rejects duplicate additional kelengkapan in submit request schema,lulus,8.99
780,lainnya,tests/unit/kelengkapan-duplicate-validation.test.ts,kelengkapan duplicate validation,allows distinct additional kelengkapan names in submit request schema,lulus,0.93
781,lainnya,tests/unit/kelengkapan-duplicate-validation.test.ts,kelengkapan duplicate validation,rejects duplicate additional kelengkapan in revisi and PPK resubmit schemas,lulus,2.37
782,laporan,tests/unit/laporan/download-ticket.test.ts,download ticket,returns the payload once to the same user and export kind,lulus,2.38
783,laporan,tests/unit/laporan/download-ticket.test.ts,download ticket,refuses another user or another export kind without burning the ticket,lulus,0.59
784,laporan,tests/unit/laporan/download-ticket.test.ts,download ticket,expires after 2 minutes,lulus,0.24
785,laporan,tests/unit/laporan/download-ticket.test.ts,download ticket,"issues unguessable, distinct tokens",lulus,0.50
786,laporan,tests/unit/laporan/export-zip.test.ts,POST /api/laporan/saya.export-zip,returns a ZIP for dokumen_ids owned by the requester with COMPLETED/TERSIMPAN status,lulus,15.88
787,laporan,tests/unit/laporan/export-zip.test.ts,POST /api/laporan/saya.export-zip,includes a sourceDescription indicating this is the Laporan Saya filter result,lulus,5.36
788,laporan,tests/unit/laporan/export-zip.test.ts,POST /api/laporan/saya.export-zip,"scopes the query to the requester (created_by) and the final statuses, silently excluding ids that resolve to nothing",lulus,5.17
789,laporan,tests/unit/laporan/export-zip.test.ts,POST /api/laporan/saya.export-zip,does not duplicate a folder for a duplicate id in dokumen_ids (DB IN-clause collapses it to one row),lulus,3.60
790,laporan,tests/unit/laporan/export-zip.test.ts,POST /api/laporan/saya.export-zip,"returns 401 without a session, without querying the database",lulus,3.64
791,laporan,tests/unit/laporan/export-zip.test.ts,POST /api/laporan/saya.export-zip,rejects a request with a bad Origin before authorization/DB work,lulus,0.84
792,laporan,tests/unit/laporan/export-zip.test.ts,POST /api/laporan/saya.export-zip,"returns 400 for an empty dokumen_ids array, before querying the database",lulus,1.89
793,laporan,tests/unit/laporan/export-zip.test.ts,POST /api/laporan/saya.export-zip,"returns 413 with a specific count message for 501 ids, before any DB query is run",lulus,3.78
794,laporan,tests/unit/laporan/export-zip.test.ts,POST /api/laporan/saya.export-zip,maps a DocumentZipTooManyEntriesError from streamDocumentZip to 413,lulus,2.12
795,laporan,tests/unit/laporan/export-zip.test.ts,POST /api/laporan/kegiatan.export-zip,includes documents from other team members within a led kegiatan,lulus,4.98
796,laporan,tests/unit/laporan/export-zip.test.ts,POST /api/laporan/kegiatan.export-zip,labels a scope=monitoring export as containing non-final documents,lulus,2.24
797,laporan,tests/unit/laporan/export-zip.test.ts,POST /api/laporan/kegiatan.export-zip,keeps the Laporan Kegiatan labels when scope is omitted,lulus,1.83
798,laporan,tests/unit/laporan/export-zip.test.ts,POST /api/laporan/kegiatan.export-zip,rejects an unknown scope value,lulus,1.74
799,laporan,tests/unit/laporan/export-zip.test.ts,POST /api/laporan/kegiatan.export-zip,silently excludes documents from a kegiatan the requester does not lead,lulus,2.13
800,laporan,tests/unit/laporan/export-zip.test.ts,POST /api/laporan/kegiatan.export-zip,returns an empty ZIP (not 403/404) when the requester is not a Ketua Tim for any kegiatan,lulus,2.85
801,laporan,tests/unit/laporan/export-zip.test.ts,POST /api/laporan/kegiatan.export-zip,returns 413 for 501 ids before querying ketuaTimAssignments or documents,lulus,2.25
802,laporan,tests/unit/laporan/export-zip.test.ts,POST /api/laporan/kegiatan.export-zip,returns 401 without a session,lulus,0.78
803,laporan,tests/unit/laporan/export-zip.test.ts,POST /api/laporan/kegiatan.export-zip,rejects a bad Origin before authorization,lulus,0.82
804,laporan,tests/unit/laporan/export-zip.test.ts,buildLaporanExportZipFilename / resolveKegiatanFilenamePart,sanitizes the identity segment and appends today's date,lulus,0.52
805,laporan,tests/unit/laporan/export-zip.test.ts,buildLaporanExportZipFilename / resolveKegiatanFilenamePart,falls back to a generic identity segment when sanitization would empty it,lulus,0.49
806,laporan,tests/unit/laporan/export-zip.test.ts,buildLaporanExportZipFilename / resolveKegiatanFilenamePart,resolves a single shared kegiatan_nama across rows,lulus,0.35
807,laporan,tests/unit/laporan/export-zip.test.ts,buildLaporanExportZipFilename / resolveKegiatanFilenamePart,"falls back to a generic ""Kegiatan"" label when rows span multiple kegiatan names",lulus,0.14
808,laporan,tests/unit/laporan/export-zip.test.ts,extractContentDispositionFilename,extracts a quoted filename from a Content-Disposition header,lulus,0.30
809,laporan,tests/unit/laporan/export-zip.test.ts,extractContentDispositionFilename,falls back when the header is missing or unparseable,lulus,0.22
810,laporan,tests/unit/laporan/export-zip.test.ts,"Ekspor Semua File (ZIP) buttons + dialog (/pegawai/laporan/saya, /pegawai/laporan/kegiatan)","wires /pegawai/laporan/saya to a native ticketed download against filtered, with a 500-document dialog cap",lulus,1.67
811,laporan,tests/unit/laporan/export-zip.test.ts,"Ekspor Semua File (ZIP) buttons + dialog (/pegawai/laporan/saya, /pegawai/laporan/kegiatan)","wires /pegawai/laporan/kegiatan to a native ticketed download against selectedDocuments (the currently viewed kegiatan), not the full kegiatanRows list",lulus,1.79
812,laporan,tests/unit/laporan/export-zip.test.ts,"Ekspor Semua File (ZIP) buttons + dialog (/pegawai/laporan/saya, /pegawai/laporan/kegiatan)","the shared ExportZipDialog shows a ""persempit filter"" message with no confirm button when documentCount exceeds the limit",lulus,0.71
813,laporan,tests/unit/laporan/filter-toolbar.test.ts,buildPersonOptions,"dedupes by id, skips rows without id, and sorts by nama (id-ID)",lulus,16.20
814,laporan,tests/unit/laporan/filter-toolbar.test.ts,buildPersonOptions,returns an empty list for no rows,lulus,0.26
815,laporan,tests/unit/laporan/hierarchical-filter-select-mount.test.ts,RP-04: HierarchicalFilter cascading Selects stay mounted,hides Kegiatan/Komponen/Kategori/Detail with `hidden` instead of unmounting them via &&,lulus,1.80
816,laporan,tests/unit/laporan/kegiatan-route.test.ts,GET /api/laporan/kegiatan — dokumen tambahan KSBU (D-28),"(1) Ketua Tim melihat dokumen tambahan KSBU dari kegiatan yang ia pimpin, ditandai sumber MANUAL",lulus,22.60
817,laporan,tests/unit/laporan/kegiatan-route.test.ts,GET /api/laporan/kegiatan — dokumen tambahan KSBU (D-28),(2) tidak memuat dokumen (alur maupun manual) dari kegiatan yang dipimpin orang lain — disaring di server,lulus,9.51
818,laporan,tests/unit/laporan/kegiatan-route.test.ts,GET /api/laporan/kegiatan — dokumen tambahan KSBU (D-28),returns nothing for a Pegawai who leads no kegiatan,lulus,2.12
819,laporan,tests/unit/laporan/kegiatan-route.test.ts,GET /api/laporan/kegiatan — dokumen tambahan KSBU (D-28),"(3) dokumen DIMUSNAHKAN tetap tampil dengan penanda, tetapi tidak masuk total",lulus,3.97
820,laporan,tests/unit/laporan/kegiatan-route.test.ts,GET /api/laporan/kegiatan — dokumen tambahan KSBU (D-28),"tidak memuat dokumen material tanpa Komponen (data yatim), sama seperti Nominal Realisasi",lulus,2.32
821,laporan,tests/unit/laporan/kegiatan-route.test.ts,GET /api/laporan/kegiatan — dokumen tambahan KSBU (D-28),scope=monitoring (Monitoring Dokumen Tim) tidak berubah: tanpa dokumen manual,lulus,2.07
822,laporan,tests/unit/laporan/kegiatan-route.test.ts,GET /api/laporan/kegiatan — dokumen tambahan KSBU (D-28),(5) total satu kegiatan dalam satu periode sama dengan Nominal Realisasi,lulus,9.39
823,laporan,tests/unit/laporan/kegiatan-route.test.ts,GET /api/laporan/kegiatan — dokumen tambahan KSBU (D-28),Nominal Realisasi tidak menampilkan dokumen (alur maupun manual) di berkas DIMUSNAHKAN,lulus,2.69
824,laporan,tests/unit/laporan/kegiatan-route.test.ts,GET /api/laporan/kinerja?scope=laporan_kinerja — berkas dimusnahkan tetap tampil (D-29),"menampilkan dokumen berkas dimusnahkan (dengan penanda, nominal tidak dihitung) dan non-material yang sudah dibersihkan",lulus,2.57
825,laporan,tests/unit/laporan/kegiatan-route.test.ts,POST /api/laporan/kegiatan/export-zip — dokumen tambahan KSBU (D-29),"ikut mengekspor lampiran dokumen tambahan KSBU dari kegiatan yang dipimpin, dan mengabaikan kegiatan lain",lulus,18.56
826,laporan,tests/unit/laporan/kegiatan-route.test.ts,POST /api/laporan/kegiatan/export-zip — dokumen tambahan KSBU (D-29),"mencatat dokumen tambahan KSBU yang berkasnya dimusnahkan di daftar isi, tanpa file",lulus,8.57
827,laporan,tests/unit/laporan/kegiatan-route.test.ts,POST /api/laporan/kegiatan/export-zip — dokumen tambahan KSBU (D-29),menggabungkan dokumen alur dan dokumen tambahan KSBU dalam satu ZIP,lulus,4.84
828,laporan,tests/unit/laporan/kegiatan-route.test.ts,POST /api/laporan/kegiatan/export-zip — dokumen tambahan KSBU (D-29),menolak manual_arsip_ids dari Monitoring Dokumen Tim dan permintaan tanpa dokumen (400),lulus,4.77
829,laporan,tests/unit/laporan/kegiatan-route.test.ts,POST /api/laporan/kegiatan/export-zip — dokumen tambahan KSBU (D-29) > D-31: unduhan bawaan browser lewat tiket,"POST ?mode=ticket memvalidasi lalu mengembalikan tautan GET, tanpa membuat ZIP",lulus,4.05
830,laporan,tests/unit/laporan/kegiatan-route.test.ts,POST /api/laporan/kegiatan/export-zip — dokumen tambahan KSBU (D-29) > D-31: unduhan bawaan browser lewat tiket,POST ?mode=ticket tetap mengembalikan error validasi (400) sebelum ada tiket,lulus,2.49
831,laporan,tests/unit/laporan/kegiatan-route.test.ts,POST /api/laporan/kegiatan/export-zip — dokumen tambahan KSBU (D-29) > D-31: unduhan bawaan browser lewat tiket,"GET dengan tiket membuat ZIP yang sama persis, sekali pakai",lulus,7.18
832,laporan,tests/unit/laporan/kegiatan-route.test.ts,POST /api/laporan/kegiatan/export-zip — dokumen tambahan KSBU (D-29) > D-31: unduhan bawaan browser lewat tiket,GET menolak tiket milik pengguna lain (410) dan tanpa sesi (401),lulus,3.99
833,laporan,tests/unit/laporan/kinerja-route.test.ts,Laporan Kinerja API route,rejects unauthenticated requests,lulus,10.73
834,laporan,tests/unit/laporan/kinerja-route.test.ts,Laporan Kinerja API route,rejects users without an allowed monitoring role,lulus,2.19
835,laporan,tests/unit/laporan/kinerja-route.test.ts,Laporan Kinerja API route,allows PPK to read realisasi monitoring metadata,lulus,8.94
836,laporan,tests/unit/laporan/kinerja-route.test.ts,Laporan Kinerja API route,allows PPSPM to read realisasi monitoring metadata,lulus,2.08
837,laporan,tests/unit/laporan/kinerja-route.test.ts,Laporan Kinerja API route,allows PENANGGUNG_JAWAB_KINERJA and returns metadata-only final documents,lulus,5.17
838,laporan,tests/unit/laporan/kinerja-route.test.ts,Laporan Kinerja API route,includes TERSIMPAN (non-material) documents only when scope=laporan_kinerja is requested,lulus,2.65
839,laporan,tests/unit/laporan/kinerja-route.test.ts,Laporan Kinerja API route,rejects PPK requesting scope=laporan_kinerja with 403,lulus,1.79
840,laporan,tests/unit/laporan/kinerja-route.test.ts,Laporan Kinerja API route,rejects PPSPM requesting scope=laporan_kinerja with 403,lulus,1.35
841,laporan,tests/unit/laporan/kinerja-route.test.ts,Laporan Kinerja API route,allows scope=laporan_kinerja for a user who holds PJ Kinerja alongside PPK,lulus,3.00
842,laporan,tests/unit/laporan/kinerja-route.test.ts,Laporan Kinerja API route,does not broaden scope for Monitoring Realisasi requests without the scope param,lulus,3.66
843,laporan,tests/unit/laporan/kinerja-route.test.ts,Laporan Kinerja API route,includes komponen id and name in each row,lulus,2.47
844,laporan,tests/unit/laporan/kinerja-route.test.ts,Laporan Kinerja API route,filters to only the COMPLETED status without scope=laporan_kinerja,lulus,3.94
845,laporan,tests/unit/laporan/kinerja-route.test.ts,Laporan Kinerja API route,filters to material documents only,lulus,1.87
846,laporan,tests/unit/laporan/kinerja-route.test.ts,Laporan Kinerja API route,filters out material documents that have no komponen assigned,lulus,1.62
847,laporan,tests/unit/laporan/kinerja-route.test.ts,Laporan Kinerja API route,excludes documents whose berkas arsip has been destroyed,lulus,1.87
848,laporan,tests/unit/laporan/kinerja-route.test.ts,Laporan Kinerja API route,omits the notInArray clause when no documents are in a destroyed berkas,lulus,2.13
849,laporan,tests/unit/laporan/kinerja-route.test.ts,Laporan Kinerja API route,rejects an invalid start_date parameter,lulus,1.63
850,laporan,tests/unit/laporan/kinerja-route.test.ts,Laporan Kinerja API route,rejects an invalid end_date parameter,lulus,1.43
851,laporan,tests/unit/laporan/kinerja-route.test.ts,Laporan Kinerja API route,applies gte/lte date bounds to the where clause when a valid period is given,lulus,2.28
852,laporan,tests/unit/laporan/kinerja-route.test.ts,Laporan Kinerja API route,omits date clauses entirely when no period parameters are given,lulus,1.35
853,laporan,tests/unit/laporan/kinerja-route.test.ts,Laporan Kinerja API route,marks the response truncated when the result hits the row limit,lulus,43.92
854,laporan,tests/unit/laporan/kinerja-route.test.ts,Laporan Kinerja API route,returns available years from the distinct year query,lulus,3.57
855,laporan,tests/unit/laporan/kinerja-route.test.ts,Laporan Kinerja API route — dokumen manual KSBU (T-5/D-26),includes an active manual document for PPK Monitoring Realisasi (no scope param),lulus,3.93
856,laporan,tests/unit/laporan/kinerja-route.test.ts,Laporan Kinerja API route — dokumen manual KSBU (T-5/D-26),includes manual documents in PJ Kinerja Laporan Kinerja (scope=laporan_kinerja),lulus,3.97
857,laporan,tests/unit/laporan/kinerja-route.test.ts,Laporan Kinerja API route — dokumen manual KSBU (T-5/D-26),excludes a manual document whose berkas is DIMUSNAHKAN (D-29: status follows the berkas),lulus,2.45
858,laporan,tests/unit/laporan/kinerja-route.test.ts,Laporan Kinerja API route — dokumen manual KSBU (T-5/D-26),marks workflow rows sumber=WORKFLOW,lulus,3.35
859,laporan,tests/unit/laporan/kinerja-route.test.ts,Laporan Kinerja API route — dokumen manual KSBU (T-5/D-26),sorts workflow and manual rows together by updated_at descending,lulus,2.80
860,laporan,tests/unit/laporan/kinerja-route.test.ts,Laporan Kinerja API route — dokumen manual KSBU (T-5/D-26),adds manual-only years to tahun_tersedia,lulus,2.71
861,laporan,tests/unit/laporan/kinerja-route.test.ts,Laporan Kinerja API route — dokumen manual KSBU (T-5/D-26),applies the same start_date/end_date bounds to manual_arsip.tanggal,lulus,2.70
862,laporan,tests/unit/laporan/kinerja-visual-parity-source.test.ts,laporan kinerja visual parity source guard,keeps laporan kinerja function-first with same-route drilldown,lulus,5.13
863,laporan,tests/unit/laporan/kinerja-visual-parity-source.test.ts,laporan kinerja visual parity source guard,keeps required report controls and approved chevron-style actions,lulus,2.92
864,laporan,tests/unit/laporan/kinerja-visual-parity-source.test.ts,laporan kinerja visual parity source guard,keeps the periode selector and the komponen drilldown level,lulus,1.11
865,laporan,tests/unit/laporan/kinerja-visual-parity-source.test.ts,laporan kinerja visual parity source guard,"opens realisasi documents through the shared detail dialogs, never a raw route or file URL",lulus,4.00
866,laporan,tests/unit/laporan/kinerja-visual-parity-source.test.ts,laporan kinerja visual parity source guard,serves manual KSBU lampiran through the read-only laporan endpoint,lulus,1.22
867,laporan,tests/unit/laporan/kinerja-visual-parity-source.test.ts,laporan kinerja visual parity source guard,renders manual KSBU lampiran with the same item and action styling as AttachmentViewer,lulus,3.08
868,laporan,tests/unit/laporan/kinerja-visual-parity-source.test.ts,laporan kinerja visual parity source guard,wires the PPK and PPSPM monitoring pages to the shared realisasi view,lulus,1.32
869,laporan,tests/unit/laporan/kinerja-visual-parity-source.test.ts,laporan kinerja visual parity source guard,keeps laporan kegiatan column label cleanup,lulus,1.01
870,laporan,tests/unit/laporan/kinerja-visual-parity-source.test.ts,laporan kinerja visual parity source guard,labels manual KSBU documents distinctly in the shared realisasi view,lulus,2.19
871,laporan,tests/unit/laporan/manual-arsip-route.test.ts,GET /api/laporan/manual-arsip/$id,lets PENANGGUNG_JAWAB_KINERJA read the detail with its lampiran metadata (no Ketua Tim check needed),lulus,9.33
872,laporan,tests/unit/laporan/manual-arsip-route.test.ts,GET /api/laporan/manual-arsip/$id,lets PPK read the detail with its lampiran metadata (no Ketua Tim check needed),lulus,2.43
873,laporan,tests/unit/laporan/manual-arsip-route.test.ts,GET /api/laporan/manual-arsip/$id,lets PPSPM read the detail with its lampiran metadata (no Ketua Tim check needed),lulus,2.71
874,laporan,tests/unit/laporan/manual-arsip-route.test.ts,GET /api/laporan/manual-arsip/$id,lets KEPALA_SUB_BAGIAN_UMUM read the detail with its lampiran metadata (no Ketua Tim check needed),lulus,2.07
875,laporan,tests/unit/laporan/manual-arsip-route.test.ts,GET /api/laporan/manual-arsip/$id,lets a Ketua Tim read a manual document of a kegiatan they lead (D-28),lulus,2.57
876,laporan,tests/unit/laporan/manual-arsip-route.test.ts,GET /api/laporan/manual-arsip/$id,"rejects with 403 a Pegawai who does not lead the kegiatan, before any detail lookup",lulus,1.05
877,laporan,tests/unit/laporan/manual-arsip-route.test.ts,GET /api/laporan/manual-arsip/$id,"answers 403 (not 404) to a Ketua Tim for a bad or unknown id, so existence is not revealed",lulus,1.17
878,laporan,tests/unit/laporan/manual-arsip-route.test.ts,GET /api/laporan/manual-arsip/$id,rejects an anonymous request with 401 and an ADMIN-only session with 403,lulus,1.04
879,laporan,tests/unit/laporan/manual-arsip-route.test.ts,GET /api/laporan/manual-arsip/$id,returns 404 for a bad id and a missing document,lulus,0.86
880,laporan,tests/unit/laporan/manual-arsip-route.test.ts,GET /api/laporan/manual-arsip/$id,"still returns a document whose berkas is DIMUSNAHKAN, flagged dimusnahkan (D-28/D-29)",lulus,2.23
881,laporan,tests/unit/laporan/manual-arsip-route.test.ts,"GET /api/laporan/manual-arsip/$id/attachments/$attachmentId/{preview,download}",keeps serving PENANGGUNG_JAWAB_KINERJA (preview) through the shared file response,lulus,2.26
882,laporan,tests/unit/laporan/manual-arsip-route.test.ts,"GET /api/laporan/manual-arsip/$id/attachments/$attachmentId/{preview,download}",keeps serving PENANGGUNG_JAWAB_KINERJA (download) through the shared file response,lulus,0.95
883,laporan,tests/unit/laporan/manual-arsip-route.test.ts,"GET /api/laporan/manual-arsip/$id/attachments/$attachmentId/{preview,download}",keeps serving PPK (preview) through the shared file response,lulus,0.71
884,laporan,tests/unit/laporan/manual-arsip-route.test.ts,"GET /api/laporan/manual-arsip/$id/attachments/$attachmentId/{preview,download}",keeps serving PPSPM (download) through the shared file response,lulus,0.61
885,laporan,tests/unit/laporan/manual-arsip-route.test.ts,"GET /api/laporan/manual-arsip/$id/attachments/$attachmentId/{preview,download}",keeps serving KEPALA_SUB_BAGIAN_UMUM (preview) through the shared file response,lulus,0.69
886,laporan,tests/unit/laporan/manual-arsip-route.test.ts,"GET /api/laporan/manual-arsip/$id/attachments/$attachmentId/{preview,download}",serves preview to the Ketua Tim who leads the kegiatan,lulus,0.96
887,laporan,tests/unit/laporan/manual-arsip-route.test.ts,"GET /api/laporan/manual-arsip/$id/attachments/$attachmentId/{preview,download}",serves download to the Ketua Tim who leads the kegiatan,lulus,0.61
888,laporan,tests/unit/laporan/manual-arsip-route.test.ts,"GET /api/laporan/manual-arsip/$id/attachments/$attachmentId/{preview,download}","rejects preview with 403 for a Pegawai who does not lead the kegiatan, before touching files",lulus,0.73
889,laporan,tests/unit/laporan/manual-arsip-route.test.ts,"GET /api/laporan/manual-arsip/$id/attachments/$attachmentId/{preview,download}","rejects download with 403 for a Pegawai who does not lead the kegiatan, before touching files",lulus,0.66
890,laporan,tests/unit/laporan/manual-arsip-route.test.ts,"GET /api/laporan/manual-arsip/$id/attachments/$attachmentId/{preview,download}",answers 404 for a bad attachment id before touching files,lulus,0.91
891,laporan,tests/unit/laporan/manual-arsip-route.test.ts,"GET /api/laporan/manual-arsip/$id/attachments/$attachmentId/{preview,download}",relays the shared 410 for preview when the berkas holding the document is DIMUSNAHKAN,lulus,1.02
892,laporan,tests/unit/laporan/manual-arsip-route.test.ts,"GET /api/laporan/manual-arsip/$id/attachments/$attachmentId/{preview,download}",relays the shared 410 for download when the berkas holding the document is DIMUSNAHKAN,lulus,0.63
893,laporan,tests/unit/laporan/monitoring-rows.test.ts,buildKomponenRows,groups documents by komponen name,lulus,3.21
894,laporan,tests/unit/laporan/monitoring-rows.test.ts,buildKomponenRows,buckets documents with a null komponen_nama under Tanpa Komponen,lulus,0.82
895,laporan,tests/unit/laporan/monitoring-rows.test.ts,buildKomponenRows,excludes documents with a null nominal_realisasi from totalNominal,lulus,0.28
896,laporan,tests/unit/laporan/monitoring-rows.test.ts,buildKomponenRows,produces a stable id independent of document order,lulus,0.20
897,laporan,tests/unit/laporan/monitoring-rows.test.ts,buildKomponenRows,carries the parent fungsi and kegiatan identity for header use without prop drilling,lulus,0.30
898,laporan,tests/unit/laporan/monitoring-rows.test.ts,buildKegiatanRows regression (post-extraction),still groups by kegiatan name and nests komponen rows,lulus,0.76
899,laporan,tests/unit/laporan/monitoring-rows.test.ts,buildKegiatanRows regression (post-extraction),buckets documents with a null kegiatan_nama under Tanpa Kegiatan,lulus,0.65
900,laporan,tests/unit/laporan/monitoring-rows.test.ts,buildFungsiRows regression (post-extraction),nests kegiatan rows and computes totals per fungsi,lulus,1.42
901,laporan,tests/unit/laporan/monitoring-rows.test.ts,totalNominal,sums every document with a non-null nominal,lulus,0.26
902,laporan,tests/unit/laporan/monitoring-rows.test.ts,totalNominal — berkas dimusnahkan (D-29),shows destroyed rows but leaves their nominal out of every total,lulus,0.46
903,laporan,tests/unit/laporan/periode.test.ts,resolvePeriodeRange,resolves each triwulan to its exact calendar boundaries,lulus,3.86
904,laporan,tests/unit/laporan/periode.test.ts,resolvePeriodeRange,resolves tahunan to the full calendar year,lulus,0.50
905,laporan,tests/unit/laporan/periode.test.ts,resolvePeriodeRange,resolves semua to no date bounds,lulus,0.49
906,laporan,tests/unit/laporan/periode.test.ts,resolvePeriodeRange,passes kustom range through unchanged,lulus,0.33
907,laporan,tests/unit/laporan/periode.test.ts,resolvePeriodeRange,returns null bounds for an incomplete triwulan/tahunan value,lulus,0.42
908,laporan,tests/unit/laporan/periode.test.ts,currentPeriode,derives triwulan from an injected date,lulus,2.50
909,laporan,tests/unit/laporan/periode.test.ts,shiftTriwulan,moves forward within the same year,lulus,0.54
910,laporan,tests/unit/laporan/periode.test.ts,shiftTriwulan,crosses into the next year from TW4,lulus,0.27
911,laporan,tests/unit/laporan/periode.test.ts,shiftTriwulan,crosses into the previous year from TW1,lulus,0.41
912,laporan,tests/unit/laporan/periode.test.ts,shiftTriwulan,is a no-op outside triwulan mode,lulus,0.45
913,laporan,tests/unit/laporan/periode.test.ts,periodeLabel,formats each mode,lulus,0.66
914,laporan,tests/unit/laporan/periode.test.ts,periodeForMode,"returns today's actual triwulan when re-entering Triwulan mode from Tahunan, not TW1",lulus,0.51
915,laporan,tests/unit/laporan/periode.test.ts,periodeForMode,returns today's actual triwulan when re-entering Triwulan mode from Semua,lulus,0.51
916,laporan,tests/unit/laporan/periode.test.ts,periodeForMode,returns today's actual triwulan when re-entering Triwulan mode from Kustom,lulus,0.30
917,laporan,tests/unit/laporan/periode.test.ts,periodeForMode,leaves an already-Triwulan value untouched,lulus,0.32
918,laporan,tests/unit/laporan/periode.test.ts,periodeForMode,keeps the current tahun when switching into Tahunan,lulus,0.35
919,laporan,tests/unit/laporan/periode.test.ts,periodeForMode,falls back to the first available tahun option when switching into Tahunan with no current tahun,lulus,0.19
920,laporan,tests/unit/laporan/periode.test.ts,periodeForMode,switches into Semua with no extra fields,lulus,0.19
921,laporan,tests/unit/laporan/periode.test.ts,periodeForMode,carries dari/sampai over when switching into Kustom,lulus,0.17
922,laporan,tests/unit/laporan/periode.test.ts,normalizePeriodeSearch,accepts a valid triwulan value,lulus,0.25
923,laporan,tests/unit/laporan/periode.test.ts,normalizePeriodeSearch,falls back to the current triwulan when triwulan is out of range,lulus,0.23
924,laporan,tests/unit/laporan/periode.test.ts,normalizePeriodeSearch,falls back to the current triwulan when triwulan is above 4,lulus,0.14
925,laporan,tests/unit/laporan/periode.test.ts,normalizePeriodeSearch,rejects an out-of-range tahun,lulus,0.20
926,laporan,tests/unit/laporan/periode.test.ts,normalizePeriodeSearch,drops a malformed kustom date instead of throwing,lulus,0.23
927,laporan,tests/unit/laporan/periode.test.ts,normalizePeriodeSearch,defaults to the current triwulan for missing/unknown input,lulus,0.24
928,laporan,tests/unit/laporan/periode.test.ts,normalizePeriodeSearch,passes through semua and tahunan,lulus,0.14
929,laporan,tests/unit/laporan/periode.test.ts,BULANAN mode,"resolves a month to its exact calendar boundaries, including leap-year February",lulus,0.45
930,laporan,tests/unit/laporan/periode.test.ts,BULANAN mode,returns null bounds for an incomplete bulanan value,lulus,0.15
931,laporan,tests/unit/laporan/periode.test.ts,BULANAN mode,labels a month in Indonesian,lulus,0.10
932,laporan,tests/unit/laporan/periode.test.ts,BULANAN mode,derives the current month from an injected date,lulus,0.15
933,laporan,tests/unit/laporan/periode.test.ts,BULANAN mode,defaultPeriode picks triwulan unless bulanan is requested,lulus,0.23
934,laporan,tests/unit/laporan/periode.test.ts,BULANAN mode,shifts across year boundaries,lulus,0.24
935,laporan,tests/unit/laporan/periode.test.ts,BULANAN mode,shiftPeriode dispatches on mode and leaves other modes unchanged,lulus,0.26
936,laporan,tests/unit/laporan/periode.test.ts,BULANAN mode,periodeForMode lands on the current month when entering bulanan,lulus,0.11
937,laporan,tests/unit/laporan/periode.test.ts,BULANAN mode,normalizePeriodeSearch accepts a valid bulan and rejects an invalid one,lulus,0.25
938,laporan,tests/unit/laporan/periode.test.ts,BULANAN mode,normalizePeriodeSearch honours the default mode for missing input,lulus,0.28
939,laporan,tests/unit/laporan/periode.test.ts,isTanggalInPeriode,includes both boundary days,lulus,0.37
940,laporan,tests/unit/laporan/periode.test.ts,isTanggalInPeriode,compares on the date prefix of a timestamp,lulus,0.30
941,laporan,tests/unit/laporan/periode.test.ts,isTanggalInPeriode,treats null bounds as open-ended,lulus,0.19
942,laporan,tests/unit/laporan/status-laporan.test.ts,status-laporan,labels COMPLETED as Material and TERSIMPAN as Non-Material,lulus,2.42
943,laporan,tests/unit/laporan/status-laporan.test.ts,status-laporan,"matches every status when no filter is chosen, otherwise only the chosen one",lulus,0.43
944,laporan,tests/unit/laporan/status-laporan.test.ts,report pages wire the Status filter and Material/Non-Material labels,src/routes/pegawai/laporan/saya.tsx filters by status and relabels its badge,lulus,2.25
945,laporan,tests/unit/laporan/status-laporan.test.ts,report pages wire the Status filter and Material/Non-Material labels,src/routes/pegawai/laporan/kegiatan.tsx filters by status and relabels its badge,lulus,0.92
946,laporan,tests/unit/laporan/status-laporan.test.ts,report pages wire the Status filter and Material/Non-Material labels,Laporan Kegiatan shows the Status filter on both the kegiatan list and the kegiatan detail,lulus,1.65
947,laporan,tests/unit/laporan/status-laporan.test.ts,report pages wire the Status filter and Material/Non-Material labels,"Laporan Kinerja stops at Kegiatan, relabels status, and shows the File Dibersihkan badge",lulus,1.35
948,pegawai,tests/unit/pegawai/pegawai-reports-visual-parity-source.test.ts,pegawai report visual parity source guard,keeps laporan saya document-first with approved list controls and document detail action,lulus,3.51
949,pegawai,tests/unit/pegawai/pegawai-reports-visual-parity-source.test.ts,pegawai report visual parity source guard,keeps laporan kegiatan kegiatan-first with same-route detail and document actions,lulus,2.86
950,profile,tests/unit/profile/profile-avatar-source.test.ts,profile avatar source guard,keeps Profile visual parity labels and self-service actions,lulus,1.81
951,profile,tests/unit/profile/profile-avatar-source.test.ts,profile avatar source guard,uses the profile avatar API and keeps document preview/download out of Profile avatar handling,lulus,0.51
952,profile,tests/unit/profile/profile-avatar-source.test.ts,profile avatar source guard,consumes safe avatar URLs in the authenticated shell with initials fallback,lulus,0.37
953,profile,tests/unit/profile/profile-avatar-source.test.ts,profile avatar source guard,keeps Profile avatar upload messages user-facing,lulus,1.28
954,profile,tests/unit/profile/profile-avatar-source.test.ts,profile avatar source guard,protects avatar writes with same-origin and local dms session auth,lulus,0.72
955,profile,tests/unit/profile/profile-avatar-source.test.ts,profile avatar source guard,keeps avatar storage separate from document/archive attachments and rejects svg by omission,lulus,0.59
956,security,tests/unit/security/same-origin.test.ts,same-origin unsafe method guard,allows same Origin for unsafe methods,lulus,3.61
957,security,tests/unit/security/same-origin.test.ts,same-origin unsafe method guard,allows same-origin Referer when Origin is absent,lulus,0.67
958,security,tests/unit/security/same-origin.test.ts,same-origin unsafe method guard,rejects cross-origin Origin for unsafe methods,lulus,4.53
959,security,tests/unit/security/same-origin.test.ts,same-origin unsafe method guard,rejects explicit null Origin even if Referer is same-origin,lulus,1.06
960,security,tests/unit/security/same-origin.test.ts,same-origin unsafe method guard,rejects unsafe methods without Origin or Referer,lulus,1.00
961,security,tests/unit/security/same-origin.test.ts,same-origin unsafe method guard,allows safe methods without Origin,lulus,0.67
962,security,tests/unit/security/same-origin.test.ts,same-origin unsafe method guard,allows configured APP_URL origin without exposing the value,lulus,0.58
963,security,tests/unit/security/same-origin.test.ts,same-origin unsafe method guard,allows forwarded host/proto origin for reverse-proxy-compatible requests,lulus,0.53
964,security,tests/unit/security/same-origin.test.ts,same-origin unsafe method guard,classifies only unsafe mutation methods as unsafe,lulus,0.33
965,storage,tests/unit/storage/admin-analyze-storage-route.test.ts,/api/admin/analyze-storage,rejects unauthenticated requests before analysis,lulus,9.12
966,storage,tests/unit/storage/admin-analyze-storage-route.test.ts,/api/admin/analyze-storage,uses current workflow and manual attachment references and returns safe counts only,lulus,4.32
967,storage,tests/unit/storage/admin-cleanup-orphan-files-route.test.ts,/api/admin/cleanup-orphan-files,defaults to dry-run and does not call deletion,lulus,12.62
968,storage,tests/unit/storage/admin-cleanup-orphan-files-route.test.ts,/api/admin/cleanup-orphan-files,keeps GET dry_run=false non-destructive and reports POST requirement,lulus,2.39
969,storage,tests/unit/storage/admin-cleanup-orphan-files-route.test.ts,/api/admin/cleanup-orphan-files,rejects unauthenticated requests before analysis,lulus,1.61
970,storage,tests/unit/storage/admin-cleanup-orphan-files-route.test.ts,/api/admin/cleanup-orphan-files,rejects non-admin requests before analysis,lulus,3.62
971,storage,tests/unit/storage/admin-cleanup-orphan-files-route.test.ts,/api/admin/cleanup-orphan-files,rejects cross-origin POST before auth and analysis,lulus,1.87
972,storage,tests/unit/storage/admin-cleanup-orphan-files-route.test.ts,/api/admin/cleanup-orphan-files,keeps POST without confirm non-destructive even when dry_run=false,lulus,4.19
973,storage,tests/unit/storage/admin-cleanup-orphan-files-route.test.ts,/api/admin/cleanup-orphan-files,keeps POST dry_run=true non-destructive,lulus,2.60
974,storage,tests/unit/storage/admin-cleanup-orphan-files-route.test.ts,/api/admin/cleanup-orphan-files,deletes only non-pending orphan candidates with POST dry_run=false and confirm=true,lulus,3.20
975,storage,tests/unit/storage/admin-cleanup-orphan-files-route.test.ts,/api/admin/cleanup-orphan-files,reports pending-only candidates without deleting unless pending deletion is explicitly armed,lulus,2.33
976,storage,tests/unit/storage/admin-cleanup-orphan-files-route.test.ts,/api/admin/cleanup-orphan-files,reports eligible pending candidates consistently during explicit pending-only dry-run,lulus,3.02
977,storage,tests/unit/storage/admin-cleanup-orphan-files-route.test.ts,/api/admin/cleanup-orphan-files,"deletes eligible pending files only with POST dry_run=false, include_pending=true, and confirm=true",lulus,2.31
978,storage,tests/unit/storage/admin-cleanup-orphan-files-route.test.ts,/api/admin/cleanup-orphan-files,rejects invalid POST body values with 400,lulus,1.79
979,storage,tests/unit/storage/document-file-access-export.test.ts,resolveDocumentLampiranLogicalPathForExport (non-HTTP resolver for ZIP export),returns the same logicalPath the existing token path would resolve for a valid document + lampiran index,lulus,1250.83
980,storage,tests/unit/storage/document-file-access-export.test.ts,resolveDocumentLampiranLogicalPathForExport (non-HTTP resolver for ZIP export),does not re-check ownership/role — only berkas/DIMUSNAHKAN status and path safety,lulus,185.28
981,storage,tests/unit/storage/document-file-access-export.test.ts,resolveDocumentLampiranLogicalPathForExport (non-HTTP resolver for ZIP export),blocks documents in a DIMUSNAHKAN berkas with the existing message,lulus,165.69
982,storage,tests/unit/storage/document-file-access-export.test.ts,resolveDocumentLampiranLogicalPathForExport (non-HTTP resolver for ZIP export),blocks a document whose lampiran has been cleaned (non-material pembersihan by ketua tim),lulus,238.14
983,storage,tests/unit/storage/document-file-access-export.test.ts,resolveDocumentLampiranLogicalPathForExport (non-HTTP resolver for ZIP export),returns 404 for a lampiranIndex out of range,lulus,140.04
984,storage,tests/unit/storage/document-file-access-export.test.ts,resolveDocumentLampiranLogicalPathForExport (non-HTTP resolver for ZIP export),returns 404 without throwing for a non-UUID or missing documentId,lulus,144.71
985,storage,tests/unit/storage/document-file-access-export.test.ts,resolveDocumentLampiranLogicalPathForExport (non-HTTP resolver for ZIP export),"returns a controlled failure (not ok:true) for a malformed lampiran url entry, without leaking parsing details",lulus,187.08
986,storage,tests/unit/storage/document-upload-policy.test.ts,central document upload policy,keeps the final document/lampiran allowlist and 5 MB cap,lulus,2.42
987,storage,tests/unit/storage/document-upload-policy.test.ts,central document upload policy,keeps compact warm inline validation copy separate from server validation messages,lulus,0.64
988,storage,tests/unit/storage/document-upload-policy.test.ts,central document upload policy,"rejects unsupported formats, webp, svg, mismatches, empty files, and oversize files",lulus,1.00
989,storage,tests/unit/storage/document-upload-policy.test.ts,central document upload policy,validates feasible signatures without accepting arbitrary binary data,lulus,1.18
990,storage,tests/unit/storage/document-upload-policy.test.ts,central document upload policy,keeps avatar policy separate and stricter,lulus,1.88
991,storage,tests/unit/storage/document-upload-policy.test.ts,central document upload policy,keeps non-PDF preview copy calm and download-oriented,lulus,0.35
992,storage,tests/unit/storage/file-access-token.test.ts,file access token helpers,signs and verifies a preview token payload,lulus,5.72
993,storage,tests/unit/storage/file-access-token.test.ts,file access token helpers,uses deterministic payload serialization for signing,lulus,1.40
994,storage,tests/unit/storage/file-access-token.test.ts,file access token helpers,supports a raw logical path token without resolving physical paths,lulus,1.25
995,storage,tests/unit/storage/file-access-token.test.ts,file access token helpers,rejects expired tokens during verification,lulus,0.83
996,storage,tests/unit/storage/file-access-token.test.ts,file access token helpers,rejects tampered tokens,lulus,0.76
997,storage,tests/unit/storage/file-access-token.test.ts,file access token helpers,rejects malformed token strings,lulus,0.56
998,storage,tests/unit/storage/file-access-token.test.ts,file access token helpers,validates allowed token purposes,lulus,0.46
999,storage,tests/unit/storage/file-access-token.test.ts,file access token helpers,rejects invalid core claims,lulus,1.83
1000,storage,tests/unit/storage/file-access-token.test.ts,file access token helpers,requires a file reference claim,lulus,0.36
1001,storage,tests/unit/storage/file-access-token.test.ts,file access token helpers,requires document tokens to include a valid lampiran index,lulus,0.53
1002,storage,tests/unit/storage/file-access-token.test.ts,file access token helpers,rejects unsupported and sensitive claims,lulus,0.56
1003,storage,tests/unit/storage/file-access-token.test.ts,file access token helpers,rejects unsafe string claim values,lulus,0.97
1004,storage,tests/unit/storage/file-access-token.test.ts,file access token helpers,keeps preview and download disposition claims consistent with purpose,lulus,1.03
1005,storage,tests/unit/storage/internal-file-access-url.test.ts,internal file access URL builder,builds a relative internal file access URL with one token query parameter,lulus,3.61
1006,storage,tests/unit/storage/internal-file-access-url.test.ts,internal file access URL builder,creates a token that verifies back to the supplied payload,lulus,1.58
1007,storage,tests/unit/storage/internal-file-access-url.test.ts,internal file access URL builder,URL-encodes the token through URLSearchParams,lulus,1.09
1008,storage,tests/unit/storage/internal-file-access-url.test.ts,internal file access URL builder,does not place raw file references or host data directly in the URL,lulus,1.32
1009,storage,tests/unit/storage/internal-file-access-url.test.ts,internal file access URL builder,does not include the signing secret in the generated URL,lulus,0.58
1010,storage,tests/unit/storage/internal-file-access-url.test.ts,internal file access URL builder,does not include filesystem-looking absolute paths outside the token query value,lulus,0.95
1011,storage,tests/unit/storage/internal-file-access-url.test.ts,internal file access URL builder,supports document reference tokens without endpoint wiring,lulus,1.03
1012,storage,tests/unit/storage/internal-file-access-url.test.ts,internal file access URL builder,round-trips a safe download filename payload through token verification,lulus,0.97
1013,storage,tests/unit/storage/internal-file-access-url.test.ts,internal file access URL builder,propagates token helper validation failures,lulus,1.37
1014,storage,tests/unit/storage/internal-file-access-url.test.ts,internal file access URL builder,rejects forbidden sensitive claims through token helper validation,lulus,0.31
1015,storage,tests/unit/storage/internal-file-access.test.ts,internal file access foundation,rejects requests without a token query parameter,lulus,8.32
1016,storage,tests/unit/storage/internal-file-access.test.ts,internal file access foundation,rejects invalid tokens before session authorization,lulus,1.89
1017,storage,tests/unit/storage/internal-file-access.test.ts,internal file access foundation,rejects a valid token when the local session is missing,lulus,4.16
1018,storage,tests/unit/storage/internal-file-access.test.ts,internal file access foundation,streams local PDF file content for an owner raw preview token,lulus,15.71
1019,storage,tests/unit/storage/internal-file-access.test.ts,internal file access foundation,uses attachment disposition and a safe download filename for raw download tokens,lulus,10.57
1020,storage,tests/unit/storage/internal-file-access.test.ts,internal file access foundation,"does not reflect CR, LF, or quote injection from an unsafe download filename",lulus,36.20
1021,storage,tests/unit/storage/internal-file-access.test.ts,internal file access foundation,"falls back for unsafe path-like, traversal, Windows, and URL-like download filenames",lulus,156.58
1022,storage,tests/unit/storage/internal-file-access.test.ts,internal file access foundation,rejects non-owner logical-path access without a compatibility role,lulus,2.78
1023,storage,tests/unit/storage/internal-file-access.test.ts,internal file access foundation,allows raw-path compatibility roles to stream local files,lulus,15.68
1024,storage,tests/unit/storage/internal-file-access.test.ts,internal file access foundation,keeps archive token access unsupported in this raw access foundation,lulus,2.30
1025,storage,tests/unit/storage/internal-file-access.test.ts,internal file access foundation,returns a generic 404 for missing local files without path details,lulus,2.27
1026,storage,tests/unit/storage/internal-file-access.test.ts,internal file access foundation,keeps document-token missing files as generic 404 when the document is not in a DIMUSNAHKAN berkas,lulus,502.98
1027,storage,tests/unit/storage/internal-file-access.test.ts,internal file access foundation,returns destroyed-file copy for document-token files whose folder-first berkas is DIMUSNAHKAN,lulus,216.82
1028,storage,tests/unit/storage/internal-file-access.test.ts,internal file access foundation,rejects unauthorized non-owner PEGAWAI before checking file existence,lulus,2.20
1029,storage,tests/unit/storage/internal-file-access.test.ts,internal file access foundation,rejects ADMIN-only raw governed access even when ADMIN appears to be the document owner,lulus,7.25
1030,storage,tests/unit/storage/internal-file-access.test.ts,internal file access foundation,rejects ADMIN-only raw owner-prefix fallback for ungoverned logical paths,lulus,6.73
1031,storage,tests/unit/storage/internal-file-access.test.ts,internal file access foundation,rejects traversal logical paths before file access,lulus,2.71
1032,storage,tests/unit/storage/internal-file-access.test.ts,internal file access foundation,checks owner and role policy as pure helper logic,lulus,1.40
1033,storage,tests/unit/storage/internal-file-access.test.ts,internal file access foundation,blocks raw token access when current archive state is DIMUSNAHKAN,lulus,7.02
1034,storage,tests/unit/storage/internal-file-access.test.ts,internal file access foundation,blocks raw token access when the document's lampiran has been cleaned (non-material pembersihan),lulus,7.84
1035,storage,tests/unit/storage/internal-file-access.test.ts,internal file access foundation,rejects stale raw tokens after archive status changes to DIMUSNAHKAN,lulus,7.40
1036,storage,tests/unit/storage/internal-file-access.test.ts,internal file access foundation,keeps pending raw paths strictly owner-scoped,lulus,9.02
1037,storage,tests/unit/storage/internal-file-access.test.ts,internal file access foundation,rejects ADMIN-only pending raw paths even when the path belongs to ADMIN,lulus,8.67
1038,storage,tests/unit/storage/internal-file-access.test.ts,internal file access foundation,authorizes raw governed paths from current document state instead of path prefix alone,lulus,2.04
1039,storage,tests/unit/storage/internal-file-access.test.ts,internal file access foundation,rejects ADMIN-only document-token access even when ADMIN appears to be document owner,lulus,202.36
1040,storage,tests/unit/storage/internal-file-access.test.ts,internal file access foundation,allows operational document-token access for completed documents,lulus,146.39
1041,storage,tests/unit/storage/internal-file-access.test.ts,internal file access foundation,allows PJ Kinerja document-token access for final documents shown in Laporan Kinerja,lulus,298.12
1042,storage,tests/unit/storage/internal-file-access.test.ts,internal file access foundation,does not require old canonical archive snapshots for document-token access,lulus,166.66
1043,storage,tests/unit/storage/internal-file-access.test.ts,internal file access foundation,blocks document-token access when folder-first berkas membership is DIMUSNAHKAN,lulus,133.28
1044,storage,tests/unit/storage/internal-file-access.test.ts,internal file access foundation,does not reveal destroyed berkas membership to unauthorized document-token users,lulus,155.78
1045,storage,tests/unit/storage/internal-file-access.test.ts,internal file access foundation,reads the file token secret lazily without fallback defaults,lulus,2.61
1046,storage,tests/unit/storage/local-attachment-replacement-cleanup.test.ts,local replaced attachment cleanup,deletes an old formal file only when it is no longer referenced,lulus,24.78
1047,storage,tests/unit/storage/local-attachment-replacement-cleanup.test.ts,local replaced attachment cleanup,keeps an old formal file when the same path remains in new metadata,lulus,9.77
1048,storage,tests/unit/storage/local-attachment-replacement-cleanup.test.ts,local replaced attachment cleanup,keeps an old formal file when another reference protects it,lulus,9.72
1049,storage,tests/unit/storage/local-attachment-replacement-cleanup.test.ts,local replaced attachment cleanup,treats a missing old formal file as a clean no-op,lulus,1.76
1050,storage,tests/unit/storage/local-attachment-replacement-cleanup.test.ts,local replaced attachment cleanup,skips unsafe and pending old paths without deleting formal files,lulus,11.27
1051,storage,tests/unit/storage/local-pending-move.test.ts,local pending-to-formal move helper foundation,classifies supported pending/formal paths and safe unsupported paths,lulus,5.15
1052,storage,tests/unit/storage/local-pending-move.test.ts,local pending-to-formal move helper foundation,validates source logical path and owner segment,lulus,3.61
1053,storage,tests/unit/storage/local-pending-move.test.ts,local pending-to-formal move helper foundation,"rejects unsafe, unsupported, and owner-mismatched source paths",lulus,1.81
1054,storage,tests/unit/storage/local-pending-move.test.ts,local pending-to-formal move helper foundation,generates compatible formal target logical paths without physical path data,lulus,1.59
1055,storage,tests/unit/storage/local-pending-move.test.ts,local pending-to-formal move helper foundation,preserves temp-id compatibility for combined submit planning,lulus,1.09
1056,storage,tests/unit/storage/local-pending-move.test.ts,local pending-to-formal move helper foundation,leaves already formal paths unchanged without touching the filesystem,lulus,1.31
1057,storage,tests/unit/storage/local-pending-move.test.ts,local pending-to-formal move helper foundation,moves an upload API pending file to a formal path with no-overwrite semantics,lulus,18.31
1058,storage,tests/unit/storage/local-pending-move.test.ts,local pending-to-formal move helper foundation,moves a dash pending file to a formal path,lulus,11.96
1059,storage,tests/unit/storage/local-pending-move.test.ts,local pending-to-formal move helper foundation,rejects missing local source without attempting any Supabase fallback,lulus,1.71
1060,storage,tests/unit/storage/local-pending-move.test.ts,local pending-to-formal move helper foundation,rejects existing targets and preserves source content,lulus,11.44
1061,storage,tests/unit/storage/local-pending-move.test.ts,local pending-to-formal move helper foundation,does not delete a target that appears when link fails with EEXIST,lulus,13.57
1062,storage,tests/unit/storage/local-pending-move.test.ts,local pending-to-formal move helper foundation,does not delete a target that appears when copy fallback fails with EEXIST,lulus,11.99
1063,storage,tests/unit/storage/local-pending-move.test.ts,local pending-to-formal move helper foundation,keeps helper errors and results free of physical path and storage root details,lulus,1.57
1064,storage,tests/unit/storage/local-storage-diagnostics.test.ts,local storage diagnostics,"protects workflow and manual source references while reporting orphan, pending, and missing paths internally",lulus,50.88
1065,storage,tests/unit/storage/local-storage-diagnostics.test.ts,local storage diagnostics,builds a safe admin analysis response without logical paths,lulus,20.47
1066,storage,tests/unit/storage/local-storage-diagnostics.test.ts,local storage diagnostics,deletes non-pending orphan candidates and treats missing candidates as no-op,lulus,9.75
1067,storage,tests/unit/storage/local-storage-diagnostics.test.ts,local storage diagnostics,does not delete pending candidates unless the caller explicitly allows pending classifications,lulus,11.00
1068,storage,tests/unit/storage/local-storage-diagnostics.test.ts,local storage diagnostics,selects pending cleanup candidates by age threshold,lulus,13.02
1069,storage,tests/unit/storage/local-storage-paths.test.ts,local storage path helpers > logical path validation,normalizes simple logical paths,lulus,1.94
1070,storage,tests/unit/storage/local-storage-paths.test.ts,local storage path helpers > logical path validation,converts backslashes to slashes and collapses duplicate separators,lulus,0.38
1071,storage,tests/unit/storage/local-storage-paths.test.ts,local storage path helpers > logical path validation,strips leading slashes for bucket-style logical paths,lulus,0.14
1072,storage,tests/unit/storage/local-storage-paths.test.ts,local storage path helpers > logical path validation,rejects traversal and dot segments,lulus,1.21
1073,storage,tests/unit/storage/local-storage-paths.test.ts,local storage path helpers > logical path validation,rejects empty paths,lulus,0.33
1074,storage,tests/unit/storage/local-storage-paths.test.ts,local storage path helpers > logical path validation,rejects URL-like paths,lulus,0.58
1075,storage,tests/unit/storage/local-storage-paths.test.ts,local storage path helpers > logical path validation,rejects Windows drive-letter paths,lulus,0.76
1076,storage,tests/unit/storage/local-storage-paths.test.ts,local storage path helpers > logical path validation,returns the normalized value from the assertion helper,lulus,0.35
1077,storage,tests/unit/storage/local-storage-paths.test.ts,local storage path helpers > storage root and physical path resolution,resolves a non-empty storage root without creating it,lulus,0.85
1078,storage,tests/unit/storage/local-storage-paths.test.ts,local storage path helpers > storage root and physical path resolution,rejects empty storage roots,lulus,0.92
1079,storage,tests/unit/storage/local-storage-paths.test.ts,local storage path helpers > storage root and physical path resolution,rejects public/static storage roots,lulus,0.97
1080,storage,tests/unit/storage/local-storage-paths.test.ts,local storage path helpers > storage root and physical path resolution,resolves a physical path under a test root,lulus,0.39
1081,storage,tests/unit/storage/local-storage-paths.test.ts,local storage path helpers > storage root and physical path resolution,rejects traversal escaping a root,lulus,0.27
1082,storage,tests/unit/storage/local-storage-paths.test.ts,local storage path helpers > filename and segment helpers,sanitizes filenames like the current upload behavior,lulus,0.32
1083,storage,tests/unit/storage/local-storage-paths.test.ts,local storage path helpers > filename and segment helpers,preserves safe extensions while replacing unsafe characters,lulus,0.24
1084,storage,tests/unit/storage/local-storage-paths.test.ts,local storage path helpers > filename and segment helpers,rejects filenames that are unsafe after sanitization,lulus,0.29
1085,storage,tests/unit/storage/local-storage-paths.test.ts,local storage path helpers > filename and segment helpers,sanitizes logical path segments,lulus,0.12
1086,storage,tests/unit/storage/local-storage-paths.test.ts,local storage path helpers > filename and segment helpers,extracts lowercase extensions without a leading dot,lulus,0.24
1087,storage,tests/unit/storage/local-storage-paths.test.ts,local storage path helpers > path ownership and classification,extracts owner id from the first logical segment,lulus,0.31
1088,storage,tests/unit/storage/local-storage-paths.test.ts,local storage path helpers > path ownership and classification,checks owner id against the first logical segment,lulus,0.28
1089,storage,tests/unit/storage/local-storage-paths.test.ts,local storage path helpers > path ownership and classification,classifies dash pending paths,lulus,0.57
1090,storage,tests/unit/storage/local-storage-paths.test.ts,local storage path helpers > path ownership and classification,classifies upload API pending paths,lulus,0.25
1091,storage,tests/unit/storage/local-storage-paths.test.ts,local storage path helpers > path ownership and classification,classifies formal paths,lulus,0.16
1092,storage,tests/unit/storage/local-storage-paths.test.ts,local storage path helpers > path ownership and classification,classifies unrecognized safe paths as other,lulus,0.13
1093,storage,tests/unit/storage/local-storage-paths.test.ts,getPendingUploadOriginalFilename,extracts the original filename from both pending path formats,lulus,0.26
1094,storage,tests/unit/storage/local-storage-paths.test.ts,getPendingUploadOriginalFilename,returns null for anything that is not a pending upload,lulus,0.15
1095,storage,tests/unit/storage/local-upload.test.ts,local upload helper foundation,validates allowed upload metadata and sanitizes compatible filenames,lulus,5.31
1096,storage,tests/unit/storage/local-upload.test.ts,local upload helper foundation,accepts every allowed MIME type and extension pair,lulus,4.16
1097,storage,tests/unit/storage/local-upload.test.ts,local upload helper foundation,accepts the maximum upload size exactly and rejects one byte over,lulus,2.67
1098,storage,tests/unit/storage/local-upload.test.ts,local upload helper foundation,"rejects disallowed upload MIME types, extensions, mismatches, and oversize files",lulus,2.43
1099,storage,tests/unit/storage/local-upload.test.ts,local upload helper foundation,"rejects path-like, traversal-like, empty, and meaningless client filenames",lulus,1.41
1100,storage,tests/unit/storage/local-upload.test.ts,local upload helper foundation,rejects CR/LF filenames and safely sanitizes other control characters,lulus,1.39
1101,storage,tests/unit/storage/local-upload.test.ts,local upload helper foundation,validates kelengkapan ids compatible with the current upload route,lulus,1.17
1102,storage,tests/unit/storage/local-upload.test.ts,local upload helper foundation,generates upload API compatible logical pending paths without physical path data,lulus,2.17
1103,storage,tests/unit/storage/local-upload.test.ts,local upload helper foundation,rejects unsafe server-derived owner path segments,lulus,1.13
1104,storage,tests/unit/storage/local-upload.test.ts,local upload helper foundation,creates an upload descriptor with only logical client-safe metadata,lulus,0.95
1105,storage,tests/unit/storage/local-upload.test.ts,local upload helper foundation,writes upload content under the local root while returning only logical path and byte count,lulus,12.06
1106,storage,tests/unit/storage/local-upload.test.ts,local upload helper foundation,validates upload content signatures when declared content type is supplied,lulus,8.57
1107,storage,tests/unit/storage/local-upload.test.ts,local upload helper foundation,preserves no-overwrite semantics and does not replace existing file content,lulus,11.14
1108,storage,tests/unit/storage/local-upload.test.ts,local upload helper foundation,rejects unsafe logical write paths and content length mismatches before writing,lulus,4.46
1109,storage,tests/unit/storage/local-upload.test.ts,local upload helper foundation,keeps helper results free of physical path and storage root details,lulus,6.95
1110,storage,tests/unit/storage/logical-file-deletion.test.ts,deleteLogicalFilesSafely,deletes a plain file and reports it as deleted,lulus,13.99
1111,storage,tests/unit/storage/logical-file-deletion.test.ts,deleteLogicalFilesSafely,"reports missing files as already_missing, not failed",lulus,2.25
1112,storage,tests/unit/storage/logical-file-deletion.test.ts,deleteLogicalFilesSafely,"skips paths outside the storage root as unsafe, without throwing",lulus,1.21
1113,storage,tests/unit/storage/logical-file-deletion.test.ts,deleteLogicalFilesSafely,rejects symlinks even when they resolve inside the root,lulus,17.58
1114,storage,tests/unit/storage/logical-file-deletion.test.ts,deleteLogicalFilesSafely,honors protectedLogicalPaths and never touches the file on disk,lulus,11.11
1115,storage,tests/unit/storage/logical-file-deletion.test.ts,deleteLogicalFilesSafely,dedupes candidates that resolve to the same physical path,lulus,8.24
1116,storage,tests/unit/storage/logical-file-deletion.test.ts,deleteLogicalFilesSafely,does not delete anything in dry-run mode,lulus,8.07
1117,storage,tests/unit/storage/logical-file-deletion.test.ts,deleteLogicalFilesSafely,never leaks physical or logical paths in the report,lulus,9.21
1118,storage,tests/unit/storage/manual-arsip-upload.test.ts,manual arsip upload policy alignment,uses the central document/lampiran 5 MB policy,lulus,1.82
1119,storage,tests/unit/storage/manual-arsip-upload.test.ts,manual arsip upload policy alignment,"rejects webp, svg, archives, and extension/MIME mismatches",lulus,1.65
1120,storage,tests/unit/storage/manual-arsip-upload.test.ts,manual arsip upload policy alignment,creates descriptors for allowed office and image attachments without exposing physical paths,lulus,1.76
1121,storage,tests/unit/storage/pending-upload-cleanup-client.test.ts,requestPendingUploadCleanup,sends nothing when there is nothing to clean,lulus,6.11
1122,storage,tests/unit/storage/pending-upload-cleanup-client.test.ts,requestPendingUploadCleanup,posts the de-duplicated pending urls to the cleanup endpoint,lulus,3.18
1123,storage,tests/unit/storage/pending-upload-cleanup-client.test.ts,requestPendingUploadCleanup,uses keepalive (no abort timer) for page-leave cleanup,lulus,1.24
1124,storage,tests/unit/storage/pending-upload-cleanup-client.test.ts,requestPendingUploadCleanup,splits more than 50 urls into batches accepted by the server schema,lulus,4.61
1125,storage,tests/unit/storage/pending-upload-cleanup-client.test.ts,requestPendingUploadCleanup,reports failure on a non-OK response or a partial server cleanup,lulus,4.01
1126,storage,tests/unit/storage/pending-upload-client.test.ts,uploadPendingFile,posts the file to the pending upload endpoint and returns its pending path,lulus,7.90
1127,storage,tests/unit/storage/pending-upload-client.test.ts,uploadPendingFile,returns the server error message when the upload is rejected,lulus,1.18
1128,storage,tests/unit/storage/pending-upload-client.test.ts,uploadPendingFile,falls back to the generic message on network failure,lulus,1.11
1129,storage,tests/unit/storage/pending-upload-session.test.ts,pending upload session helpers,tracks every pending upload created in the current editor session,lulus,2.25
1130,storage,tests/unit/storage/pending-upload-session.test.ts,pending upload session helpers,identifies the first replacement as superseded after replacing with a second pending upload,lulus,0.67
1131,storage,tests/unit/storage/pending-upload-session.test.ts,pending upload session helpers,returns all session-created pending uploads for cancel cleanup,lulus,0.26
1132,storage,tests/unit/storage/pending-upload-session.test.ts,pending upload session helpers,preserves the currently selected pending upload for failed submit retry cleanup,lulus,0.24
1133,storage,tests/unit/storage/pending-upload-session.test.ts,pending upload session helpers,does not put old formal attachments in the pending cleanup list unless they were session-created,lulus,0.41
1134,storage,tests/unit/storage/pending-upload-session.test.ts,pending upload session helpers,removes cleaned pending urls from the tracked session set,lulus,0.27
1135,storage,tests/unit/storage/pending-upload-sweeper.test.ts,sweepStalePendingUploads,uses a 24-hour maximum age for pending uploads,lulus,53.46
1136,storage,tests/unit/storage/pending-upload-sweeper.test.ts,sweepStalePendingUploads,deletes only unreferenced pending uploads older than the maximum age,lulus,91.21
1137,storage,tests/unit/storage/pending-upload-sweeper.test.ts,sweepStalePendingUploads,honours a custom maximum age,lulus,69.49
1138,storage,tests/unit/storage/pending-upload-sweeper.test.ts,maybeSweepStalePendingUploads,runs at most once per interval per process,lulus,46.89
1139,storage,tests/unit/storage/pending-upload-sweeper.test.ts,maybeSweepStalePendingUploads,does not start a second sweep while one is still running,lulus,51.67
1140,storage,tests/unit/storage/pending-upload-sweeper.test.ts,maybeSweepStalePendingUploads,never throws into the upload request when the sweep fails,lulus,46.55
1141,storage,tests/unit/storage/profile-avatar.test.ts,profile avatar storage helper,"accepts png, jpeg, and webp metadata within the size cap",lulus,10.31
1142,storage,tests/unit/storage/profile-avatar.test.ts,profile avatar storage helper,"rejects invalid MIME types, svg, mismatched extensions, and oversize files",lulus,3.47
1143,storage,tests/unit/storage/profile-avatar.test.ts,profile avatar storage helper,writes and reads avatar content under a dedicated avatar folder without exposing physical paths,lulus,27.62
1144,storage,tests/unit/storage/profile-avatar.test.ts,profile avatar storage helper,rejects content signature mismatches before writing,lulus,4.49
1145,storage,tests/unit/storage/profile-avatar.test.ts,profile avatar storage helper,removes previous avatar content when requested by caller,lulus,9.77
1146,storage,tests/unit/storage/profile-avatar.test.ts,profile avatar storage helper,returns only a safe display URL for profile consumption,lulus,1.40
1147,storage,tests/unit/storage/raw-download-url-hardening.test.ts,raw download URL hardening,preserves signedUrl compatibility for authorized non-DIMUSNAHKAN raw downloads,lulus,15.25
1148,storage,tests/unit/storage/raw-download-url-hardening.test.ts,raw download URL hardening,does not issue a raw download token for a DIMUSNAHKAN archive-governed file,lulus,1.94
1149,storage,tests/unit/storage/raw-download-url-hardening.test.ts,raw download URL hardening,preserves raw pending owner-compatible download token issuance,lulus,2.12
1150,storage,tests/unit/storage/raw-preview-internal-url-runtime.test.ts,raw preview internal URL runtime verification,verifies the opt-in raw preview flow through internal local file access,lulus,30.60
1151,storage,tests/unit/storage/raw-preview-internal-url-runtime.test.ts,raw preview internal URL runtime verification,returns an internal raw preview URL without Supabase fallback,lulus,2.98
1152,storage,tests/unit/storage/raw-preview-internal-url-runtime.test.ts,raw preview internal URL runtime verification,generates the opt-in URL but rejects final access without a local session,lulus,4.04
1153,storage,tests/unit/storage/raw-preview-internal-url-runtime.test.ts,raw preview internal URL runtime verification,generates the opt-in URL but returns a generic 404 when the local file is missing,lulus,3.91
1154,storage,tests/unit/storage/raw-preview-internal-url-runtime.test.ts,raw preview internal URL runtime verification,does not generate an internal token before raw preview session authorization passes,lulus,1.28
1155,storage,tests/unit/storage/raw-preview-internal-url-runtime.test.ts,raw preview internal URL runtime verification,does not generate an internal token before raw preview path authorization passes,lulus,1.71
1156,storage,tests/unit/storage/raw-preview-internal-url-wiring.test.ts,raw preview internal URL wiring,returns an internal preview URL on the default request path,lulus,11.45
1157,storage,tests/unit/storage/raw-preview-internal-url-wiring.test.ts,raw preview internal URL wiring,returns a compatible internal preview URL when useInternal=true,lulus,2.22
1158,storage,tests/unit/storage/raw-preview-internal-url-wiring.test.ts,raw preview internal URL wiring,does not create an internal URL before session authorization passes,lulus,1.17
1159,storage,tests/unit/storage/raw-preview-internal-url-wiring.test.ts,raw preview internal URL wiring,does not create an internal URL before storage path authorization passes,lulus,1.09
1160,storage,tests/unit/storage/raw-preview-internal-url-wiring.test.ts,raw preview internal URL wiring,does not issue a raw preview token for a DIMUSNAHKAN archive-governed file,lulus,1.09
1161,storage,tests/unit/storage/raw-preview-internal-url-wiring.test.ts,raw preview internal URL wiring,returns a generic 500 without Supabase fallback when internal URL creation fails,lulus,1.02
1162,storage,tests/unit/storage/storage-client.test.ts,storage client destroyed-file error handling,returns the destroyed-file message only for the expected 410 domain response,lulus,8.08
1163,storage,tests/unit/storage/storage-client.test.ts,storage client destroyed-file error handling,does not convert unauthorized responses into destroyed-file messages,lulus,0.93
1164,storage,tests/unit/storage/storage-client.test.ts,storage client destroyed-file error handling,does not expose arbitrary 410 backend text,lulus,0.94
1165,storage,tests/unit/storage/storage-client.test.ts,storage client destroyed-file error handling,surfaces destroyed-file copy for preview blob fetches,lulus,3.58
1166,storage,tests/unit/storage/storage-client.test.ts,storage client destroyed-file error handling,surfaces destroyed-file copy for direct signed download failures,lulus,1.44
1167,storage,tests/unit/storage/storage-client.test.ts,storage client destroyed-file error handling,surfaces destroyed-file copy when role download URL succeeds but file access is gone,lulus,1.77
1168,storage,tests/unit/storage/storage-client.test.ts,storage client destroyed-file error handling,keeps generic download fallback for non-domain failures,lulus,0.80
1169,storage,tests/unit/storage/submit-move-plan.test.ts,submit move plan builder helper foundation,plans underscore and dash pending attachments without touching route/runtime behavior,lulus,6.04
1170,storage,tests/unit/storage/submit-move-plan.test.ts,submit move plan builder helper foundation,can plan real document-id targets when a later route proves that ordering safe,lulus,0.82
1171,storage,tests/unit/storage/submit-move-plan.test.ts,submit move plan builder helper foundation,leaves already formal attachments unchanged and preserves metadata,lulus,1.09
1172,storage,tests/unit/storage/submit-move-plan.test.ts,submit move plan builder helper foundation,classifies safe but unclear paths as unsupported blocking outcomes,lulus,0.66
1173,storage,tests/unit/storage/submit-move-plan.test.ts,submit move plan builder helper foundation,"reports unsafe paths, owner mismatch, missing URLs, and invalid source extensions without throwing",lulus,0.94
1174,storage,tests/unit/storage/submit-move-plan.test.ts,submit move plan builder helper foundation,"reports invalid owner, document, and target UUID inputs as logical planning issues",lulus,0.89
1175,storage,tests/unit/storage/upload-route-local.test.ts,/api/upload local route implementation,returns compatible unauthorized JSON before parsing or writing files,lulus,31.08
1176,storage,tests/unit/storage/upload-route-local.test.ts,/api/upload local route implementation,returns compatible invalid form data JSON when multipart parsing fails,lulus,3.51
1177,storage,tests/unit/storage/upload-route-local.test.ts,/api/upload local route implementation,writes a local pending upload and returns the existing response shape with status 201,lulus,21.92
1178,storage,tests/unit/storage/upload-route-local.test.ts,/api/upload local route implementation,uses the local session user id as the owner segment and never accepts an owner from form data,lulus,9.43
1179,storage,tests/unit/storage/upload-route-local.test.ts,/api/upload local route implementation,returns compatible missing-file and missing-field errors,lulus,4.46
1180,storage,tests/unit/storage/upload-route-local.test.ts,/api/upload local route implementation,returns the compatible invalid kelengkapan id error,lulus,4.10
1181,storage,tests/unit/storage/upload-route-local.test.ts,/api/upload local route implementation,"returns compatible type errors for disallowed MIME, extension, and MIME-extension mismatch",lulus,5.51
1182,storage,tests/unit/storage/upload-route-local.test.ts,/api/upload local route implementation,returns the compatible max-size error before writing content,lulus,12.91
1183,storage,tests/unit/storage/upload-route-local.test.ts,/api/upload local route implementation,rejects spoofed PDF content before writing content,lulus,3.89
1184,storage,tests/unit/storage/upload-route-local.test.ts,/api/upload local route implementation,returns a generic upload failure on local no-overwrite collision and keeps existing content,lulus,12.97
1185,storage,tests/unit/storage/upload-route-local.test.ts,/api/upload local route implementation,does not expose the storage root in validation errors,lulus,5.00
1186,styles,tests/unit/styles/color-budget.test.ts,color budget guardrail (Fase 0 — Tema Global consolidation),does not let hardcoded hex colors or orange-* classes grow in any src/ file,lulus,2.24
1187,styles,tests/unit/styles/color-budget.test.ts,color budget guardrail (Fase 0 — Tema Global consolidation),baseline only ever shrinks — this test breaks the moment someone reduces a count without regenerating the file,lulus,0.66
1188,users,tests/unit/users/create-user-route-username-case.test.ts,POST /api/users username casing,accepts a mixed-case username by normalizing it before validation,lulus,22.39
1189,users,tests/unit/users/create-user-route-username-case.test.ts,POST /api/users username casing,still rejects a username with no letters at all (would collide with the NIP namespace),lulus,1.53
1190,users,tests/unit/users/create-user-unique-violation.test.ts,createLocalUserWithRoles unique-violation mapping,maps a duplicate username to a 409 in Indonesian,lulus,4.68
1191,users,tests/unit/users/create-user-unique-violation.test.ts,createLocalUserWithRoles unique-violation mapping,maps a duplicate NIP to a 409 in Indonesian,lulus,1.55
1192,users,tests/unit/users/create-user-unique-violation.test.ts,createLocalUserWithRoles unique-violation mapping,maps a username format check violation to a 400,lulus,0.97
1193,users,tests/unit/users/create-user-unique-violation.test.ts,updateLocalUserWithRoles unique-violation mapping,maps a duplicate username on edit to a 409 in Indonesian,lulus,2.00
1194,users,tests/unit/users/create-user-unique-violation.test.ts,updateLocalUserWithRoles unique-violation mapping,maps a duplicate NIP on edit to a 409 in Indonesian,lulus,1.53
1195,users,tests/unit/users/username-validation.test.ts,isValidUsername,ab -> false (shorter than 3 characters),lulus,2.44
1196,users,tests/unit/users/username-validation.test.ts,isValidUsername,12345678 -> false (all-digit — must stay disjoint from the nip_nrp namespace),lulus,0.59
1197,users,tests/unit/users/username-validation.test.ts,isValidUsername,Budi -> false (uppercase letters are not allowed),lulus,0.25
1198,users,tests/unit/users/username-validation.test.ts,isValidUsername,aaaaaaaaaaaaaaaaaaaaaaaaaaaaaaa -> false (longer than 30 characters),lulus,0.19
1199,users,tests/unit/users/username-validation.test.ts,isValidUsername,bu di -> false (contains a space),lulus,0.22
1200,users,tests/unit/users/username-validation.test.ts,isValidUsername,budi.santoso -> true (lowercase letters and a dot),lulus,0.31
1201,users,tests/unit/users/username-validation.test.ts,isValidUsername,"a-b_c.d -> true (lowercase letters, hyphen, underscore, dot)",lulus,0.14
1202,users,tests/unit/users/username-validation.test.ts,isValidUsername,bsantoso2 -> true (letters followed by a digit),lulus,0.14
1203,users,tests/unit/users/username-validation.test.ts,isValidUsername,"a12 -> true (exactly 3 characters, contains a letter)",lulus,0.22
1204,utils,tests/unit/utils/client-id.test.ts,createClientId,uses crypto.randomUUID when available,lulus,2.64
1205,utils,tests/unit/utils/client-id.test.ts,createClientId,falls back to getRandomValues when randomUUID is unavailable,lulus,0.61
1206,utils,tests/unit/utils/client-id.test.ts,createClientId,falls back to timestamp and Math.random only for non-security client identity,lulus,3.59
1207,utils,tests/unit/utils/file.test.ts,file utils > sanitizeFilename,removes invalid characters,lulus,1.94
1208,utils,tests/unit/utils/file.test.ts,file utils > sanitizeFilename,collapses multiple underscores,lulus,0.26
1209,utils,tests/unit/utils/file.test.ts,file utils > extractExtension,extracts extension correctly,lulus,0.40
1210,utils,tests/unit/utils/file.test.ts,file utils > extractExtension,returns empty string if no extension,lulus,0.26
1211,utils,tests/unit/utils/file.test.ts,file utils > extractFilenameFromPath,extracts regular filename,lulus,0.30
1212,utils,tests/unit/utils/file.test.ts,file utils > extractFilenameFromPath,extracts original filename from pending format,lulus,0.35
1213,utils,tests/unit/utils/file.test.ts,file utils > isPendingFile,identifies pending files,lulus,0.67
1214,utils,tests/unit/utils/file.test.ts,file utils > isPendingFile,identifies formal files as non-pending,lulus,0.46
1215,utils,tests/unit/utils/format.test.ts,format utils,formatDate formats valid ISO string correctly,lulus,33.51
1216,utils,tests/unit/utils/format.test.ts,format utils,formatDateTime formats valid ISO string correctly,lulus,1.49
1217,utils,tests/unit/utils/format.test.ts,format utils,formatDate returns original string on invalid date,lulus,0.46
1218,utils,tests/unit/utils/format.test.ts,format utils,byOldest sorts so the oldest created_at comes first,lulus,0.99
1219,utils,tests/unit/utils/format.test.ts,format utils,byOldest falls back to tanggal when created_at is missing,lulus,0.30
1220,utils,tests/unit/utils/format.test.ts,format utils,byOldest treats missing dates as oldest (sorts first),lulus,0.23
1221,utils,tests/unit/utils/format.test.ts,format utils,formatRelativeAge reports days elapsed since the given date,lulus,0.61
1222,utils,tests/unit/utils/format.test.ts,format utils,formatRelativeAge returns undefined for an invalid date,lulus,0.23
